actual,predicted,error
96.0,85.1826171875,10.8173828125
97.0,91.57421875,5.42578125
85.0,94.828125,-9.828125
92.0,86.4609375,5.5390625
94.0,90.35400390625,3.64599609375
77.0,92.736328125,-15.736328125
93.0,79.1396484375,13.8603515625
95.0,90.64453125,4.35546875
83.0,92.50390625,-9.50390625
98.0,82.8583984375,15.1416015625
103.0,91.109375,11.890625
90.0,94.77001953125,-4.77001953125
90.0,86.8095703125,3.1904296875
91.0,87.623046875,3.376953125
107.0,88.4365234375,18.5634765625
87.0,98.14013671875,-11.14013671875
91.0,86.5771484375,4.4228515625
92.0,88.087890625,3.912109375
89.0,89.5986328125,-0.5986328125
92.0,88.2041015625,3.7958984375
73.0,88.37841796875,-15.37841796875
78.0,72.98046875,5.01953125
88.0,78.791015625,9.208984375
86.0,84.42724609375,1.57275390625
74.0,84.9501953125,-10.9501953125
80.0,73.5615234375,6.4384765625
82.0,80.185546875,1.814453125
78.0,80.94091796875,-2.94091796875
84.0,79.255859375,4.744140625
79.0,83.5556640625,-4.5556640625
80.0,79.0234375,0.9765625
78.0,77.91943359375,0.08056640625
84.0,75.6533203125,8.3466796875
91.0,80.8828125,10.1171875
87.0,86.8095703125,0.1904296875
83.0,84.7177734375,-1.7177734375
80.0,82.27734375,-2.27734375
76.0,81.34765625,-5.34765625
76.0,78.6748046875,-2.6748046875
80.0,78.326171875,1.673828125
63.0,79.43017578125,-16.43017578125
60.0,65.36865234375,-5.36865234375
58.0,64.845703125,-6.845703125
70.0,61.99853515625,8.00146484375
61.0,72.283203125,-11.283203125
58.0,64.7294921875,-6.7294921875
60.0,62.23095703125,-2.23095703125
68.0,61.99853515625,6.00146484375
70.0,68.564453125,1.435546875
66.0,69.958984375,-3.958984375
79.0,67.0537109375,11.9462890625
72.0,75.4208984375,-3.4208984375
70.0,70.423828125,-0.423828125
65.0,69.66845703125,-4.66845703125
65.0,65.775390625,-0.775390625
63.0,65.36865234375,-2.36865234375
71.0,63.451171875,7.548828125
69.0,69.494140625,-0.494140625
81.0,67.40234375,13.59765625
84.0,76.52490234375,7.47509765625
73.0,80.70849609375,-7.70849609375
78.0,72.80615234375,5.19384765625
83.0,76.3505859375,6.6494140625
88.0,80.5341796875,7.4658203125
85.0,86.28662109375,-1.28662109375
82.0,84.369140625,-2.369140625
69.0,81.87060546875,-12.87060546875
92.0,70.19140625,21.80859375
89.0,83.7880859375,5.2119140625
100.0,84.6015625,15.3984375
104.0,92.56201171875,11.43798828125
99.0,97.2685546875,1.7314453125
89.0,96.16455078125,-7.16455078125
77.0,89.017578125,-12.017578125
81.0,78.6748046875,2.3251953125
90.0,82.45166015625,7.54833984375
93.0,87.623046875,5.376953125
90.0,90.64453125,-0.64453125
96.0,87.158203125,8.841796875
95.0,91.4580078125,3.5419921875
88.0,91.39990234375,-3.39990234375
91.0,88.3203125,2.6796875
92.0,90.2958984375,1.7041015625
87.0,90.70263671875,-3.70263671875
88.0,86.51904296875,1.48095703125
77.0,86.4609375,-9.4609375
88.0,77.9775390625,10.0224609375
91.0,86.693359375,4.306640625
74.0,89.1337890625,-15.1337890625
82.0,77.1640625,4.8359375
95.0,84.369140625,10.630859375
80.0,90.412109375,-10.412109375
76.0,80.70849609375,-4.70849609375
68.0,78.09375,-10.09375
59.0,70.65625,-11.65625
54.0,63.39306640625,-9.39306640625
67.0,59.354736328125,7.645263671875
59.0,66.0078125,-7.0078125
61.0,58.6865234375,2.3134765625
59.0,62.57958984375,-3.57958984375
58.0,59.732421875,-1.732421875
53.0,59.96484375,-6.96484375
54.0,56.943359375,-2.943359375
55.0,56.42041015625,-1.42041015625
54.0,56.3623046875,-2.3623046875
55.0,54.8515625,0.1484375
61.0,55.49072265625,5.50927734375
61.0,60.7783203125,0.2216796875
63.0,60.5458984375,2.4541015625
64.0,62.056640625,1.943359375
70.0,63.50927734375,6.49072265625
65.0,68.73876953125,-3.73876953125
61.99999999999999,64.9619140625,-2.961914062500007
69.0,62.46337890625,6.53662109375
66.0,68.4482421875,-2.4482421875
71.0,65.54296875,5.45703125
54.0,70.94677734375,-16.94677734375
55.0,56.478515625,-1.478515625
46.0,58.5703125,-12.5703125
61.99999999999999,48.75048828125,13.249511718749993
54.0,60.89453125,-6.89453125
60.0,54.5029296875,5.4970703125
58.0,57.17578125,0.82421875
58.0,57.00146484375,0.99853515625
55.0,57.81494140625,-2.81494140625
59.0,55.60693359375,3.39306640625
67.0,58.9189453125,8.0810546875
56.0,65.6591796875,-9.6591796875
61.0,57.17578125,3.82421875
71.0,61.359375,9.640625
58.0,68.564453125,-10.564453125
66.0,59.09326171875,6.90673828125
73.0,64.380859375,8.619140625
58.0,68.2158203125,-10.2158203125
67.0,57.408203125,9.591796875
64.0,63.97412109375,0.02587890625
52.0,61.126953125,-9.126953125
80.0,50.755126953125,29.244873046875
64.0,70.94677734375,-6.94677734375
70.0,60.5458984375,9.4541015625
68.0,65.4267578125,2.5732421875
79.0,65.4267578125,13.5732421875
82.0,74.9560546875,7.0439453125
88.0,77.9775390625,10.0224609375
84.0,83.904296875,0.095703125
91.0,81.8125,9.1875
87.0,87.9716796875,-0.9716796875
82.0,85.00830078125,-3.00830078125
79.0,80.24365234375,-1.24365234375
85.0,77.861328125,7.138671875
72.0,82.27734375,-10.27734375
75.0,71.5859375,3.4140625
83.0,74.0263671875,8.9736328125
71.0,78.791015625,-7.791015625
65.0,67.40234375,-2.40234375
72.0,66.3564453125,5.6435546875
74.0,70.83056640625,3.16943359375
70.0,72.1669921875,-2.1669921875
81.0,69.31982421875,11.68017578125
78.0,77.5126953125,0.4873046875
78.0,74.83984375,3.16015625
89.0,76.931640625,12.068359375
95.0,85.298828125,9.701171875
92.0,90.876953125,1.123046875
92.0,88.6689453125,3.3310546875
99.0,92.3876953125,6.6123046875
95.0,98.14013671875,-3.14013671875
94.0,95.6416015625,-1.6416015625
95.0,94.53759765625,0.46240234375
96.0,94.77001953125,1.22998046875
89.0,94.88623046875,-5.88623046875
90.0,89.482421875,0.517578125
91.0,89.482421875,1.517578125
86.0,89.1337890625,-3.1337890625
89.0,85.53125,3.46875
91.0,88.26220703125,2.73779296875
96.0,89.8310546875,6.1689453125
94.0,94.2470703125,-0.2470703125
82.0,92.6201171875,-10.6201171875
89.0,83.0908203125,5.9091796875
98.0,89.482421875,8.517578125
97.0,94.9443359375,2.0556640625
99.0,94.36328125,4.63671875
93.0,95.8740234375,-2.8740234375
106.0,91.109375,14.890625
94.0,99.5927734375,-5.5927734375
91.0,92.736328125,-1.736328125
101.0,91.57421875,9.42578125
95.0,96.3388671875,-1.3388671875
83.0,93.201171875,-10.201171875
85.0,83.5556640625,1.4443359375
78.0,84.369140625,-6.369140625
87.0,78.73291015625,8.26708984375
75.0,87.0419921875,-12.0419921875
82.0,76.466796875,5.533203125
102.0,82.7421875,19.2578125
86.0,95.4091796875,-9.4091796875
75.0,85.70556640625,-10.70556640625
84.0,77.861328125,6.138671875
85.0,85.24072265625,-0.24072265625
88.0,84.77587890625,3.22412109375
75.0,86.3447265625,-11.3447265625
72.0,75.4208984375,-3.4208984375
66.0,73.85205078125,-7.85205078125
61.0,67.634765625,-6.634765625
68.0,63.97412109375,4.02587890625
56.0,70.3076171875,-14.3076171875
68.0,60.25537109375,7.74462890625
66.0,65.8916015625,0.1083984375
61.99999999999999,66.47265625,-4.472656250000007
54.0,64.32275390625,-10.32275390625
63.0,57.58251953125,5.41748046875
52.0,64.0322265625,-12.0322265625
68.0,54.79345703125,13.20654296875
68.0,63.5673828125,4.4326171875
63.0,65.775390625,-2.775390625
70.0,62.57958984375,7.42041015625
65.0,68.564453125,-3.564453125
72.0,64.2646484375,7.7353515625
61.0,68.564453125,-7.564453125
69.0,60.48779296875,8.51220703125
63.0,66.53076171875,-3.53076171875
74.0,61.591796875,12.408203125
55.0,70.7724609375,-15.7724609375
50.0,56.5947265625,-6.5947265625
55.0,53.5732421875,1.4267578125
58.0,54.56103515625,3.43896484375
67.0,56.943359375,10.056640625
50.0,63.916015625,-13.916015625
48.0,50.49365234375,-2.49365234375
63.0,50.02880859375,12.97119140625
59.0,60.3134765625,-1.3134765625
61.99999999999999,56.65283203125,5.347167968749993
73.0,60.02294921875,12.97705078125
84.0,68.6806640625,15.3193359375
72.0,79.54638671875,-7.54638671875
77.0,70.888671875,6.111328125
70.0,74.4912109375,-4.4912109375
84.0,66.705078125,17.294921875
75.0,78.6748046875,-3.6748046875
76.0,70.5400390625,5.4599609375
83.0,71.818359375,11.181640625
75.0,77.22216796875,-2.22216796875
72.0,70.94677734375,1.05322265625
75.0,69.3779296875,5.6220703125
74.0,71.0048828125,2.9951171875
69.0,72.10888671875,-3.10888671875
71.0,67.5185546875,3.4814453125
67.0,69.6103515625,-2.6103515625
78.0,65.54296875,12.45703125
82.0,75.8857421875,6.1142578125
78.0,79.3720703125,-1.3720703125
75.0,77.7451171875,-2.7451171875
79.0,74.83984375,4.16015625
81.0,77.80322265625,3.19677734375
96.0,79.720703125,16.279296875
91.0,93.0849609375,-2.0849609375
102.0,88.6689453125,13.3310546875
107.0,98.314453125,8.685546875
96.0,105.51953125,-9.51953125
86.0,98.4306640625,-12.4306640625
96.0,88.6689453125,7.3310546875
83.0,93.8984375,-10.8984375
94.0,84.6015625,9.3984375
95.0,91.9228515625,3.0771484375
94.0,91.57421875,2.42578125
97.0,89.71484375,7.28515625
97.0,92.44580078125,4.55419921875
97.0,92.21337890625,4.78662109375
87.0,93.0849609375,-6.0849609375
88.0,85.99609375,2.00390625
83.0,86.228515625,-3.228515625
84.0,82.45166015625,1.54833984375
93.0,84.6015625,8.3984375
88.0,90.93505859375,-2.93505859375
83.0,88.4365234375,-5.4365234375
90.0,85.1826171875,4.8173828125
95.0,89.71484375,5.28515625
81.0,93.43359375,-12.43359375
86.0,83.439453125,2.560546875
97.0,87.2744140625,9.7255859375
57.0,92.0390625,-35.0390625
51.0,68.39013671875,-17.39013671875
60.0,61.9404296875,-1.9404296875
61.99999999999999,65.775390625,-3.775390625000007
65.0,65.310546875,-0.310546875
77.0,66.5888671875,10.4111328125
56.0,76.06005859375,-20.06005859375
46.0,60.89453125,-14.89453125
55.0,52.294921875,2.705078125
54.0,59.180419921875,-5.180419921875
57.0,58.10546875,-1.10546875
60.0,59.44189453125,0.55810546875
60.0,60.0810546875,-0.0810546875
52.0,59.44189453125,-7.44189453125
45.0,53.486083984375,-8.486083984375
51.0,49.186279296875,1.813720703125
52.0,54.125244140625,-2.125244140625
54.0,54.44482421875,-0.44482421875
67.0,54.90966796875,12.09033203125
63.0,64.1484375,-1.1484375
59.0,61.0107421875,-2.0107421875
60.0,58.97705078125,1.02294921875
54.0,60.3134765625,-6.3134765625
47.0,55.25830078125,-8.25830078125
51.0,49.73828125,1.26171875
63.0,53.05029296875,9.94970703125
56.0,61.99853515625,-5.99853515625
59.0,57.00146484375,1.99853515625
50.0,58.773681640625,-8.773681640625
41.0,50.697021484375,-9.697021484375
35.0,44.712158203125,-9.712158203125
43.0,37.884765625,5.115234375
40.0,44.56689453125,-4.56689453125
37.0,40.5576171875,-3.5576171875
34.0,36.72265625,-2.72265625
46.0,32.742431640625,13.257568359375
43.0,46.803955078125,-3.803955078125
44.0,43.6953125,0.3046875
49.0,44.421630859375,4.578369140625
57.0,48.51806640625,8.48193359375
44.0,54.38671875,-10.38671875
50.0,43.75341796875,6.24658203125
50.0,50.232177734375,-0.232177734375
41.0,49.941650390625,-8.941650390625
43.0,41.37109375,1.62890625
41.0,44.21826171875,-3.21826171875
43.0,40.90625,2.09375
48.0,41.4873046875,6.5126953125
43.0,46.251953125,-3.251953125
46.0,41.54541015625,4.45458984375
42.0,45.525634765625,-3.525634765625
52.0,41.632568359375,10.367431640625
44.0,52.00439453125,-8.00439453125
39.0,44.7412109375,-5.7412109375
61.0,40.238037109375,20.761962890625
54.0,55.4326171875,-1.4326171875
50.0,51.7138671875,-1.7138671875
59.0,50.60986328125,8.39013671875
57.0,55.548828125,1.451171875
61.0,54.241455078125,6.758544921875
66.0,57.69873046875,8.30126953125
63.0,63.1025390625,-0.1025390625
59.0,59.55810546875,-0.55810546875
54.0,58.04736328125,-4.04736328125
52.0,54.7353515625,-2.7353515625
61.99999999999999,52.4111328125,9.588867187499993
75.0,59.180419921875,15.819580078125
61.99999999999999,70.5400390625,-8.540039062500007
75.0,60.4296875,14.5703125
72.0,71.06298828125,0.93701171875
75.0,69.20361328125,5.79638671875
67.0,72.3994140625,-5.3994140625
59.0,66.1240234375,-7.1240234375
57.0,59.96484375,-2.96484375
60.0,58.773681640625,1.226318359375
58.0,60.83642578125,-2.83642578125
57.0,58.39599609375,-1.39599609375
69.0,56.65283203125,12.34716796875
71.0,67.8671875,3.1328125
66.0,68.50634765625,-2.50634765625
67.0,66.0078125,0.9921875
61.0,67.0537109375,-6.0537109375
68.0,62.2890625,5.7109375
55.0,67.34423828125,-12.34423828125
65.0,56.53662109375,8.46337890625
57.0,64.55517578125,-7.55517578125
61.0,58.337890625,2.662109375
68.0,60.72021484375,7.27978515625
67.0,66.5888671875,0.4111328125
72.0,65.25244140625,6.74755859375
75.0,69.90087890625,5.09912109375
74.0,72.6318359375,1.3681640625
78.0,72.6318359375,5.3681640625
72.0,76.8154296875,-4.8154296875
77.0,71.99267578125,5.00732421875
66.0,76.234375,-10.234375
67.0,66.9375,0.0625
71.0,67.92529296875,3.07470703125
72.0,70.5400390625,1.4599609375
68.0,70.888671875,-2.888671875
72.0,67.5185546875,4.4814453125
77.0,70.83056640625,6.16943359375
73.0,74.89794921875,-1.89794921875
74.0,72.283203125,1.716796875
74.0,74.0263671875,-0.0263671875
77.0,73.677734375,3.322265625
73.0,76.69921875,-3.69921875
67.0,73.212890625,-6.212890625
75.0,67.9833984375,7.0166015625
74.0,74.31689453125,-0.31689453125
69.0,73.7939453125,-4.7939453125
68.0,69.494140625,-1.494140625
64.0,68.796875,-4.796875
61.99999999999999,65.13623046875,-3.136230468750007
65.0,63.50927734375,1.49072265625
63.0,65.775390625,-2.775390625
58.0,63.451171875,-5.451171875
48.0,59.6162109375,-11.6162109375
48.0,51.684814453125,-3.684814453125
48.0,52.9921875,-4.9921875
56.0,52.1787109375,3.8212890625
58.0,58.5703125,-0.5703125
57.0,58.889892578125,-1.889892578125
60.0,58.10546875,1.89453125
61.99999999999999,60.3134765625,1.686523437499993
55.0,61.99853515625,-6.99853515625
46.0,56.88525390625,-10.88525390625
52.0,49.91259765625,2.08740234375
49.0,54.0380859375,-5.0380859375
54.0,51.0166015625,2.9833984375
58.0,54.8515625,3.1484375
66.0,57.69873046875,8.30126953125
60.0,63.5673828125,-3.5673828125
61.0,59.96484375,1.03515625
53.0,60.60400390625,-7.60400390625
60.0,54.79345703125,5.20654296875
64.0,59.8486328125,4.1513671875
60.0,62.75390625,-2.75390625
61.99999999999999,59.67431640625,2.325683593749993
60.0,61.2431640625,-1.2431640625
58.0,59.20947265625,-1.20947265625
58.0,57.69873046875,0.30126953125
49.0,58.2216796875,-9.2216796875
51.0,50.66796875,0.33203125
63.0,53.5732421875,9.4267578125
69.0,63.16064453125,5.83935546875
71.0,67.40234375,3.59765625
64.0,69.20361328125,-5.20361328125
61.99999999999999,64.0322265625,-2.032226562500007
65.0,63.04443359375,1.95556640625
57.0,64.4970703125,-7.4970703125
56.0,58.39599609375,-2.39599609375
63.0,57.873046875,5.126953125
57.0,62.6376953125,-5.6376953125
61.0,58.192626953125,2.807373046875
57.0,60.95263671875,-3.95263671875
55.0,57.93115234375,-2.93115234375
59.0,56.53662109375,2.46337890625
54.0,59.55810546875,-5.55810546875
59.0,55.14208984375,3.85791015625
57.0,58.657470703125,-1.657470703125
59.0,57.2919921875,1.7080078125
55.0,58.5703125,-3.5703125
55.0,55.548828125,-0.548828125
53.0,55.8974609375,-2.8974609375
55.0,54.0380859375,0.9619140625
57.0,55.60693359375,1.39306640625
61.0,56.972412109375,4.027587890625
64.0,59.90673828125,4.09326171875
49.0,62.521484375,-13.521484375
52.0,51.30712890625,0.69287109375
50.0,54.2705078125,-4.2705078125
52.0,51.77197265625,0.22802734375
50.0,52.614501953125,-2.614501953125
51.0,50.49365234375,0.50634765625
59.0,51.336181640625,7.663818359375
61.0,57.93115234375,3.06884765625
60.0,59.6162109375,0.3837890625
64.0,59.03515625,4.96484375
54.0,62.92822265625,-8.92822265625
53.0,54.56103515625,-1.56103515625
56.0,54.938720703125,1.061279296875
59.0,56.3623046875,2.6376953125
61.0,58.51220703125,2.48779296875
56.0,59.732421875,-3.732421875
51.0,55.37451171875,-4.37451171875
52.0,51.19091796875,0.80908203125
59.0,52.70166015625,6.29833984375
55.0,58.366943359375,-3.366943359375
60.0,55.02587890625,4.97412109375
63.0,58.9189453125,4.0810546875
61.99999999999999,60.60400390625,1.395996093749993
63.0,60.3134765625,2.6865234375
60.0,61.82421875,-1.82421875
63.0,59.20947265625,3.79052734375
56.0,62.57958984375,-6.57958984375
67.0,56.3623046875,10.6376953125
78.0,66.87939453125,11.12060546875
77.0,76.5830078125,0.4169921875
78.0,76.001953125,1.998046875
80.0,77.68701171875,2.31298828125
75.0,79.48828125,-4.48828125
78.0,75.6533203125,2.3466796875
76.0,78.2099609375,-2.2099609375
80.0,76.931640625,3.068359375
81.0,79.953125,1.046875
86.0,80.650390625,5.349609375
74.0,83.904296875,-9.904296875
79.0,73.677734375,5.322265625
84.0,77.62890625,6.37109375
79.0,81.9287109375,-2.9287109375
85.0,78.6748046875,6.3251953125
77.0,83.20703125,-6.20703125
76.0,76.466796875,-0.466796875
76.0,76.40869140625,-0.40869140625
75.0,76.3505859375,-1.3505859375
70.0,75.47900390625,-5.47900390625
70.0,71.353515625,-1.353515625
77.0,71.76025390625,5.23974609375
75.0,76.17626953125,-1.17626953125
73.0,74.89794921875,-1.89794921875
75.0,73.7939453125,1.2060546875
70.0,75.01416015625,-5.01416015625
67.0,71.29541015625,-4.29541015625
73.0,68.39013671875,4.60986328125
72.0,72.98046875,-0.98046875
64.0,71.87646484375,-7.87646484375
59.0,65.4267578125,-6.4267578125
56.0,61.88232421875,-5.88232421875
53.0,59.1513671875,-6.1513671875
55.0,56.681884765625,-1.681884765625
48.0,57.727783203125,-9.727783203125
48.0,50.95849609375,-2.95849609375
50.0,51.742919921875,-1.742919921875
49.0,52.498291015625,-3.498291015625
49.0,51.59765625,-2.59765625
52.0,51.830078125,0.169921875
52.0,53.97998046875,-1.97998046875
50.0,53.544189453125,-3.544189453125
55.0,51.65576171875,3.34423828125
59.0,55.548828125,3.451171875
61.99999999999999,58.74462890625,3.255371093749993
66.0,61.126953125,4.873046875
70.0,64.2646484375,5.7353515625
66.0,68.4482421875,-2.4482421875
71.0,66.06591796875,4.93408203125
61.99999999999999,70.423828125,-8.423828125000007
59.0,62.986328125,-3.986328125
50.0,61.06884765625,-11.06884765625
59.0,53.224609375,5.775390625
61.0,59.6162109375,1.3837890625
65.0,60.60400390625,4.39599609375
60.0,63.21875,-3.21875
64.0,59.238525390625,4.761474609375
63.0,62.6376953125,0.3623046875
65.0,62.57958984375,2.42041015625
61.99999999999999,64.2646484375,-2.264648437500007
53.0,62.23095703125,-9.23095703125
56.0,54.880615234375,1.119384765625
54.0,57.35009765625,-3.35009765625
67.0,55.31640625,11.68359375
57.0,65.310546875,-8.310546875
54.0,57.7568359375,-3.7568359375
54.0,55.635986328125,-1.635986328125
55.0,54.44482421875,0.55517578125
43.0,54.880615234375,-11.880615234375
42.0,43.201416015625,-1.201416015625
42.0,44.131103515625,-2.131103515625
50.0,41.7197265625,8.2802734375
49.0,49.33154296875,-0.33154296875
61.0,47.47216796875,13.52783203125
64.0,58.657470703125,5.342529296875
59.0,60.5458984375,-1.5458984375
57.0,57.23388671875,-0.23388671875
52.0,55.31640625,-3.31640625
52.0,51.1328125,0.8671875
61.0,51.830078125,9.169921875
59.0,58.39599609375,0.60400390625
59.0,55.72314453125,3.27685546875
64.0,55.78125,8.21875
61.99999999999999,60.13916015625,1.860839843749993
61.0,58.9189453125,2.0810546875
51.0,57.902099609375,-6.902099609375
56.0,49.070068359375,6.929931640625
53.0,53.5732421875,-0.5732421875
49.0,50.174072265625,-1.174072265625
61.99999999999999,46.31005859375,15.689941406249993
53.0,58.27978515625,-5.27978515625
54.0,50.60986328125,3.39013671875
50.0,52.00439453125,-2.00439453125
53.0,48.40185546875,4.59814453125
52.0,51.742919921875,0.257080078125
45.0,50.203125,-5.203125
51.0,43.28857421875,7.71142578125
59.0,48.6923828125,10.3076171875
53.0,55.548828125,-2.548828125
68.0,50.5517578125,17.4482421875
67.0,63.50927734375,3.49072265625
69.0,60.95263671875,8.04736328125
58.0,64.09033203125,-6.09033203125
58.0,54.357666015625,3.642333984375
57.0,56.1298828125,0.8701171875
57.0,54.44482421875,2.55517578125
61.0,53.544189453125,7.455810546875
57.0,56.7109375,0.2890625
61.0,53.63134765625,7.36865234375
58.0,57.46630859375,0.53369140625
57.0,54.67724609375,2.32275390625
59.0,54.822509765625,4.177490234375
44.0,56.76904296875,-12.76904296875
43.0,44.0439453125,-1.0439453125
46.0,44.625,1.375
53.0,46.222900390625,6.777099609375
53.0,52.614501953125,0.385498046875
47.0,52.46923828125,-5.46923828125
47.0,46.339111328125,0.660888671875
52.0,46.716796875,5.283203125
54.0,50.435546875,3.564453125
60.0,52.6435546875,7.3564453125
53.0,57.495361328125,-4.495361328125
56.0,52.52734375,3.47265625
52.0,55.25830078125,-3.25830078125
46.0,51.9462890625,-5.9462890625
56.0,46.8330078125,9.1669921875
67.0,54.38671875,12.61328125
59.0,63.21875,-4.21875
59.0,57.58251953125,1.41748046875
59.0,57.81494140625,1.18505859375
56.0,57.35009765625,-1.35009765625
53.0,55.14208984375,-2.14208984375
56.0,53.28271484375,2.71728515625
60.0,55.02587890625,4.97412109375
60.0,57.93115234375,2.06884765625
56.0,58.10546875,-2.10546875
69.0,54.880615234375,14.119384765625
68.0,65.54296875,2.45703125
69.0,64.78759765625,4.21240234375
73.0,66.41455078125,6.58544921875
68.0,70.5400390625,-2.5400390625
64.0,66.8212890625,-2.8212890625
63.0,63.7998046875,-0.7998046875
68.0,62.81201171875,5.18798828125
75.0,66.240234375,8.759765625
76.0,72.1669921875,3.8330078125
83.0,73.677734375,9.322265625
82.0,79.48828125,2.51171875
81.0,78.96533203125,2.03466796875
74.0,79.3720703125,-5.3720703125
76.0,73.7939453125,2.2060546875
74.0,75.76953125,-1.76953125
81.0,73.7939453125,7.2060546875
74.0,79.66259765625,-5.66259765625
67.0,73.3291015625,-6.3291015625
65.0,67.0537109375,-2.0537109375
60.0,66.0078125,-6.0078125
61.99999999999999,61.4755859375,0.5244140624999929
63.0,63.97412109375,-0.97412109375
61.0,63.916015625,-2.916015625
63.0,61.06884765625,1.93115234375
66.0,63.21875,2.78125
61.0,66.06591796875,-5.06591796875
68.0,62.1728515625,5.8271484375
63.0,68.6806640625,-5.6806640625
54.0,63.451171875,-9.451171875
57.0,56.478515625,0.521484375
57.0,59.32568359375,-2.32568359375
60.0,57.669677734375,2.330322265625
55.0,59.96484375,-4.96484375
50.0,55.02587890625,-5.02587890625
48.0,51.30712890625,-3.30712890625
47.0,50.203125,-3.203125
49.0,49.360595703125,-0.360595703125
42.0,50.95849609375,-8.95849609375
48.0,44.0439453125,3.9560546875
52.0,49.6220703125,2.3779296875
51.0,52.00439453125,-1.00439453125
55.0,51.4814453125,3.5185546875
52.0,55.083984375,-3.083984375
55.0,52.35302734375,2.64697265625
56.0,54.357666015625,1.642333984375
51.0,55.752197265625,-4.752197265625
45.0,51.77197265625,-6.77197265625
48.0,46.8330078125,1.1669921875
43.0,49.186279296875,-6.186279296875
44.0,43.5791015625,0.4208984375
45.0,44.68310546875,0.31689453125
52.0,45.409423828125,6.590576171875
26.0,51.7138671875,-25.7138671875
29.0,29.1689453125,-0.1689453125
42.0,31.7255859375,10.2744140625
34.0,44.857421875,-10.857421875
36.0,34.311279296875,1.688720703125
39.0,37.855712890625,1.144287109375
36.0,39.773193359375,-3.773193359375
34.0,36.025390625,-2.025390625
41.0,33.497802734375,7.502197265625
28.0,41.8359375,-13.8359375
26.0,29.0963134765625,-3.0963134765625
28.0,28.035888671875,-0.035888671875
30.999999999999996,28.0794677734375,2.9205322265624964
38.0,30.708740234375,7.291259765625
30.999999999999996,39.33740234375,-8.337402343750004
28.0,30.476318359375,-2.476318359375
21.0,28.616943359375,-7.616943359375
29.0,21.818603515625,7.181396484375
30.0,29.081787109375,0.918212890625
30.0,29.34326171875,0.65673828125
23.0,29.3287353515625,-6.3287353515625
13.0,22.8209228515625,-9.8209228515625
17.0,14.4246826171875,2.5753173828125
24.0,19.0731201171875,4.9268798828125
17.0,25.5518798828125,-8.5518798828125
18.0,17.9981689453125,0.0018310546875
15.0,17.9400634765625,-2.9400634765625
18.0,14.9912109375,3.0087890625
16.0,18.4049072265625,-2.4049072265625
19.0,16.4002685546875,2.5997314453125
13.0,19.0731201171875,-6.0731201171875
13.0,12.986572265625,0.013427734375
17.0,14.00341796875,2.99658203125
19.0,17.3154296875,1.6845703125
22.0,18.7825927734375,3.2174072265625
27.0,21.353759765625,5.646240234375
39.0,25.6099853515625,13.3900146484375
36.0,37.971923828125,-1.971923828125
25.0,32.71337890625,-7.71337890625
32.0,24.898193359375,7.101806640625
32.0,30.3310546875,1.6689453125
37.0,30.011474609375,6.988525390625
39.0,33.497802734375,5.502197265625
39.0,36.1416015625,2.8583984375
44.0,36.286865234375,7.713134765625
40.0,41.31298828125,-1.31298828125
38.0,38.552978515625,-0.552978515625
41.0,36.3740234375,4.6259765625
32.0,40.15087890625,-8.15087890625
44.0,30.302001953125,13.697998046875
38.0,42.24267578125,-4.24267578125
43.0,37.65234375,5.34765625
38.0,40.993408203125,-2.993408203125
48.0,37.158447265625,10.841552734375
49.0,46.89111328125,2.10888671875
49.0,47.501220703125,1.498779296875
42.0,47.9951171875,-5.9951171875
44.0,41.632568359375,2.367431640625
46.0,44.33447265625,1.66552734375
39.0,45.96142578125,-6.96142578125
44.0,39.56982421875,4.43017578125
50.0,43.782470703125,6.217529296875
56.0,49.09912109375,6.90087890625
56.0,54.44482421875,1.55517578125
54.0,54.56103515625,-0.56103515625
63.0,53.253662109375,9.746337890625
61.0,60.5458984375,0.4541015625
61.99999999999999,59.732421875,2.267578124999993
58.0,61.0107421875,-3.0107421875
51.0,58.018310546875,-7.018310546875
61.0,52.9921875,8.0078125
53.0,59.79052734375,-6.79052734375
59.0,54.44482421875,4.55517578125
63.0,57.69873046875,5.30126953125
66.0,60.83642578125,5.16357421875
58.0,63.39306640625,-5.39306640625
54.0,57.93115234375,-3.93115234375
54.0,55.548828125,-1.548828125
53.0,55.113037109375,-2.113037109375
58.0,54.154296875,3.845703125
61.99999999999999,58.04736328125,3.952636718749993
63.0,60.4296875,2.5703125
69.0,61.359375,7.640625
67.0,66.53076171875,0.46923828125
60.0,65.54296875,-5.54296875
63.0,61.06884765625,1.93115234375
58.0,63.04443359375,-5.04443359375
52.0,59.32568359375,-7.32568359375
55.0,54.473876953125,0.526123046875
59.0,56.333251953125,2.666748046875
75.0,58.74462890625,16.25537109375
65.0,71.5859375,-6.5859375
51.0,64.78759765625,-13.78759765625
70.0,55.14208984375,14.85791015625
68.0,66.705078125,1.294921875
68.0,66.64697265625,1.35302734375
84.0,67.0537109375,16.9462890625
92.0,80.12744140625,11.87255859375
80.0,89.25,-9.25
82.0,81.115234375,0.884765625
72.0,80.650390625,-8.650390625
77.0,72.1669921875,4.8330078125
74.0,75.24658203125,-1.24658203125
70.0,73.5615234375,-3.5615234375
64.0,69.958984375,-5.958984375
69.0,64.78759765625,4.21240234375
63.0,68.2158203125,-5.2158203125
57.0,63.916015625,-6.916015625
48.0,60.37158203125,-12.37158203125
47.0,53.921875,-6.921875
50.0,52.1787109375,-2.1787109375
48.0,53.921875,-5.921875
37.0,51.161865234375,-14.161865234375
36.0,39.831298828125,-3.831298828125
34.0,39.56982421875,-5.56982421875
34.0,34.7470703125,-0.7470703125
35.0,34.776123046875,0.223876953125
33.0,36.635498046875,-3.635498046875
37.0,34.078857421875,2.921142578125
37.0,38.785400390625,-1.785400390625
42.0,38.4658203125,3.5341796875
47.0,43.5791015625,3.4208984375
46.0,48.024169921875,-2.024169921875
47.0,46.89111328125,0.10888671875
48.0,47.501220703125,0.498779296875
61.99999999999999,48.28564453125,13.714355468749993
58.0,60.60400390625,-2.60400390625
55.0,57.69873046875,-2.69873046875
55.0,55.6650390625,-0.6650390625
57.0,55.810302734375,1.189697265625
59.0,57.17578125,1.82421875
61.0,58.018310546875,2.981689453125
57.0,59.354736328125,-2.354736328125
60.0,56.333251953125,3.666748046875
56.0,58.802734375,-2.802734375
58.0,56.1298828125,1.8701171875
54.0,57.58251953125,-3.58251953125
57.0,53.97998046875,3.02001953125
68.0,55.95556640625,12.04443359375
53.0,65.4267578125,-12.4267578125
56.0,55.25830078125,0.74169921875
41.0,57.030517578125,-16.030517578125
41.0,43.840576171875,-2.840576171875
48.0,44.886474609375,3.113525390625
41.0,48.953857421875,-7.953857421875
52.0,42.068359375,9.931640625
28.0,51.7138671875,-23.7138671875
29.0,30.50537109375,-1.50537109375
33.0,31.4931640625,1.5068359375
26.0,33.99169921875,-7.99169921875
29.0,27.36767578125,1.63232421875
30.0,29.8662109375,0.1337890625
42.0,29.837158203125,12.162841796875
39.0,42.504150390625,-3.504150390625
39.0,39.22119140625,-0.22119140625
47.0,40.005615234375,6.994384765625
53.0,45.467529296875,7.532470703125
40.0,49.91259765625,-9.91259765625
38.0,38.552978515625,-0.552978515625
38.0,38.29150390625,-0.29150390625
42.0,37.913818359375,4.086181640625
29.0,40.84814453125,-11.84814453125
27.0,27.01904296875,-0.01904296875
30.0,26.263671875,3.736328125
26.0,28.558837890625,-2.558837890625
33.0,24.0556640625,8.9443359375
36.0,30.418212890625,5.581787109375
39.0,32.94580078125,6.05419921875
49.0,38.204345703125,10.795654296875
44.0,46.89111328125,-2.89111328125
38.0,42.765625,-4.765625
42.0,38.87255859375,3.12744140625
38.0,41.66162109375,-3.66162109375
30.0,38.29150390625,-8.29150390625
45.0,29.982421875,15.017578125
51.0,43.3466796875,7.6533203125
46.0,48.9248046875,-2.9248046875
51.0,45.293212890625,5.706787109375
43.0,48.895751953125,-5.895751953125
44.0,42.12646484375,1.87353515625
52.0,44.10205078125,7.89794921875
32.0,50.49365234375,-18.49365234375
43.0,32.974853515625,10.025146484375
46.0,44.014892578125,1.985107421875
40.0,45.96142578125,-5.96142578125
42.0,40.063720703125,1.936279296875
51.0,41.923095703125,9.076904296875
46.0,48.489013671875,-2.489013671875
42.0,44.625,-2.625
48.0,41.923095703125,6.076904296875
57.0,46.978271484375,10.021728515625
65.0,55.31640625,9.68359375
59.0,61.64990234375,-2.64990234375
66.0,57.7568359375,8.2431640625
57.0,63.68359375,-6.68359375
58.0,56.943359375,1.056640625
58.0,57.81494140625,0.18505859375
61.99999999999999,57.00146484375,4.998535156249993
64.0,59.32568359375,4.67431640625
61.0,61.9404296875,-0.9404296875
59.0,59.8486328125,-0.8486328125
63.0,58.337890625,4.662109375
69.0,61.82421875,7.17578125
53.0,66.5888671875,-13.5888671875
70.0,54.241455078125,15.758544921875
72.0,66.76318359375,5.23681640625
72.0,68.4482421875,3.5517578125
63.0,69.8427734375,-6.8427734375
67.0,62.57958984375,4.42041015625
67.0,66.240234375,0.759765625
52.0,66.240234375,-14.240234375
52.0,54.619140625,-2.619140625
50.0,55.25830078125,-5.25830078125
60.0,51.684814453125,8.315185546875
60.0,60.48779296875,-0.48779296875
60.0,59.20947265625,0.79052734375
58.0,59.6162109375,-1.6162109375
69.0,57.81494140625,11.18505859375
74.0,67.5185546875,6.4814453125
72.0,70.65625,1.34375
71.0,70.5400390625,0.4599609375
70.0,70.888671875,-0.888671875
80.0,70.0751953125,9.9248046875
70.0,78.791015625,-8.791015625
81.0,70.36572265625,10.63427734375
79.0,78.55859375,0.44140625
81.0,77.396484375,3.603515625
80.0,79.08154296875,0.91845703125
70.0,78.50048828125,-8.50048828125
66.0,69.26171875,-3.26171875
63.0,66.705078125,-3.705078125
57.0,63.97412109375,-6.97412109375
61.0,58.5703125,2.4296875
63.0,62.11474609375,0.88525390625
80.0,63.62548828125,16.37451171875
89.0,76.69921875,12.30078125
89.0,84.13671875,4.86328125
84.0,85.298828125,-1.298828125
75.0,84.13671875,-9.13671875
85.0,76.234375,8.765625
87.0,83.03271484375,3.96728515625
81.0,87.390625,-6.390625
78.0,82.974609375,-4.974609375
72.0,79.255859375,-7.255859375
61.99999999999999,72.92236328125,-10.922363281250007
69.0,64.32275390625,4.67724609375
71.0,68.564453125,2.435546875
76.0,69.66845703125,6.33154296875
81.0,74.4912109375,6.5087890625
79.0,78.6748046875,0.3251953125
79.0,77.0478515625,1.9521484375
85.0,78.6748046875,6.3251953125
77.0,83.3232421875,-6.3232421875
71.0,77.5126953125,-6.5126953125
63.0,72.57373046875,-9.57373046875
57.0,65.775390625,-8.775390625
61.0,61.41748046875,-0.41748046875
55.0,63.27685546875,-8.27685546875
51.0,57.00146484375,-6.00146484375
56.0,54.44482421875,1.55517578125
61.99999999999999,58.018310546875,3.981689453124993
55.0,62.056640625,-7.056640625
54.0,57.00146484375,-3.00146484375
58.0,56.681884765625,1.318115234375
43.0,58.39599609375,-15.39599609375
49.0,45.96142578125,3.03857421875
56.0,52.788818359375,3.211181640625
64.0,56.18798828125,7.81201171875
54.0,61.2431640625,-7.2431640625
49.0,53.97998046875,-4.97998046875
50.0,50.057861328125,-0.057861328125
44.0,50.232177734375,-6.232177734375
51.0,45.235107421875,5.764892578125
58.0,52.00439453125,5.99560546875
52.0,56.100830078125,-4.100830078125
53.0,50.7841796875,2.2158203125
50.0,51.684814453125,-1.684814453125
44.0,49.360595703125,-5.360595703125
47.0,44.770263671875,2.229736328125
45.0,47.58837890625,-2.58837890625
35.0,45.08984375,-10.08984375
28.0,32.974853515625,-4.974853515625
32.0,27.512939453125,4.487060546875
33.0,30.360107421875,2.639892578125
33.0,30.534423828125,2.465576171875
32.0,31.173583984375,0.826416015625
33.0,30.069580078125,2.930419921875
30.999999999999996,30.50537109375,0.49462890624999645
30.999999999999996,29.1544189453125,1.8455810546874964
30.999999999999996,30.04052734375,0.9594726562499964
29.0,29.34326171875,-0.34326171875
38.0,28.0068359375,9.9931640625
38.0,34.80517578125,3.19482421875
37.0,33.3525390625,3.6474609375
37.0,33.8173828125,3.1826171875
32.0,34.7470703125,-2.7470703125
40.0,29.45947265625,10.54052734375
39.0,38.6982421875,0.3017578125
43.0,35.415283203125,7.584716796875
39.0,40.063720703125,-1.063720703125
36.0,35.822021484375,0.177978515625
35.0,32.916748046875,2.083251953125
37.0,32.1904296875,4.8095703125
27.0,35.328125,-8.328125
29.0,25.9150390625,3.0849609375
30.0,28.76220703125,1.23779296875
37.0,28.152099609375,8.847900390625
34.0,35.531494140625,-1.531494140625
42.0,30.97021484375,11.02978515625
51.0,41.54541015625,9.45458984375
48.0,49.44775390625,-1.44775390625
44.0,46.19384765625,-2.19384765625
35.0,42.998046875,-7.998046875
39.0,34.7470703125,4.2529296875
47.0,40.5576171875,6.4423828125
45.0,46.687744140625,-1.687744140625
44.0,44.072998046875,-0.072998046875
45.0,42.93994140625,2.06005859375
48.0,42.8818359375,5.1181640625
43.0,45.6708984375,-2.6708984375
49.0,41.66162109375,7.33837890625
54.0,48.082275390625,5.917724609375
50.0,52.0625,-2.0625
44.0,49.3896484375,-5.3896484375
47.0,44.16015625,2.83984375
55.0,46.862060546875,8.137939453125
49.0,53.74755859375,-4.74755859375
39.0,48.489013671875,-9.489013671875
42.0,39.424560546875,2.575439453125
40.0,43.259521484375,-3.259521484375
44.0,40.0927734375,3.9072265625
47.0,43.28857421875,3.71142578125
45.0,46.251953125,-1.251953125
55.0,44.421630859375,10.578369140625
61.0,54.009033203125,6.990966796875
63.0,58.541259765625,4.458740234375
54.0,60.5458984375,-6.5458984375
54.0,53.97998046875,0.02001953125
65.0,54.357666015625,10.642333984375
68.0,63.5673828125,4.4326171875
63.0,66.5888671875,-3.5888671875
56.0,63.1025390625,-7.1025390625
61.99999999999999,56.856201171875,5.143798828124993
56.0,60.72021484375,-4.72021484375
61.0,55.83935546875,5.16064453125
51.0,58.86083984375,-7.86083984375
56.0,50.60986328125,5.39013671875
61.99999999999999,55.95556640625,6.044433593749993
61.99999999999999,60.37158203125,1.628417968749993
51.0,60.25537109375,-9.25537109375
50.0,51.742919921875,-1.742919921875
50.0,52.323974609375,-2.323974609375
47.0,51.278076171875,-4.278076171875
50.0,47.849853515625,2.150146484375
54.0,50.638916015625,3.361083984375
54.0,53.1083984375,0.8916015625
57.0,52.35302734375,4.64697265625
52.0,54.880615234375,-2.880615234375
58.0,52.12060546875,5.87939453125
64.0,57.669677734375,6.330322265625
66.0,62.521484375,3.478515625
58.0,64.0322265625,-6.0322265625
68.0,57.69873046875,10.30126953125
70.0,67.11181640625,2.88818359375
70.0,68.73876953125,1.26123046875
75.0,68.73876953125,6.26123046875
72.0,73.3291015625,-1.3291015625
69.0,70.7724609375,-1.7724609375
72.0,68.6806640625,3.3193359375
72.0,71.12109375,0.87890625
74.0,70.423828125,3.576171875
77.0,72.05078125,4.94921875
76.0,74.9560546875,1.0439453125
75.0,74.66552734375,0.33447265625
86.0,73.677734375,12.322265625
75.0,83.3232421875,-8.3232421875
77.0,74.607421875,2.392578125
77.0,76.8154296875,0.1845703125
70.0,76.69921875,-6.69921875
71.0,70.36572265625,0.63427734375
64.0,71.2373046875,-7.2373046875
61.99999999999999,64.7294921875,-2.729492187500007
61.99999999999999,63.5673828125,-1.567382812500007
64.0,63.16064453125,0.83935546875
66.0,64.78759765625,1.21240234375
61.0,65.54296875,-4.54296875
68.0,61.9404296875,6.0595703125
65.0,67.169921875,-2.169921875
77.0,65.25244140625,11.74755859375
65.0,74.9560546875,-9.9560546875
58.0,65.13623046875,-7.13623046875
69.0,60.72021484375,8.27978515625
68.0,66.240234375,1.759765625
54.0,66.240234375,-12.240234375
44.0,56.42041015625,-12.42041015625
53.0,48.34375,4.65625
39.0,53.97998046875,-14.97998046875
40.0,41.283935546875,-1.283935546875
36.0,44.625,-8.625
37.0,37.94287109375,-0.94287109375
35.0,38.29150390625,-3.29150390625
30.999999999999996,35.27001953125,-4.2700195312500036
27.0,31.376953125,-4.376953125
28.0,28.733154296875,-0.733154296875
33.0,29.372314453125,3.627685546875
35.0,32.82958984375,2.17041015625
28.0,35.6767578125,-7.6767578125
30.0,28.41357421875,1.58642578125
41.0,30.27294921875,10.72705078125
45.0,42.01025390625,2.98974609375
47.0,44.5087890625,2.4912109375
46.0,45.409423828125,0.590576171875
60.0,43.666259765625,16.333740234375
47.0,56.42041015625,-9.42041015625
39.0,44.305419921875,-5.305419921875
39.0,40.121826171875,-1.121826171875
45.0,40.5576171875,4.4423828125
49.0,44.595947265625,4.404052734375
44.0,46.19384765625,-2.19384765625
34.0,42.068359375,-8.068359375
32.0,30.883056640625,1.116943359375
36.0,29.7354736328125,6.2645263671875
35.0,33.64306640625,1.35693359375
33.0,32.6552734375,0.3447265625
36.0,31.66748046875,4.33251953125
42.0,32.94580078125,9.05419921875
44.0,40.5576171875,3.4423828125
45.0,42.47509765625,2.52490234375
40.0,43.724365234375,-3.724365234375
44.0,39.80224609375,4.19775390625
40.0,43.201416015625,-3.201416015625
34.0,40.3251953125,-6.3251953125
33.0,34.45654296875,-1.45654296875
35.0,33.64306640625,1.35693359375
33.0,34.3984375,-1.3984375
36.0,31.78369140625,4.21630859375
37.0,35.066650390625,1.933349609375
26.0,35.996337890625,-9.996337890625
44.0,26.292724609375,17.707275390625
43.0,40.179931640625,2.820068359375
43.0,41.109619140625,1.890380859375
43.0,42.213623046875,0.786376953125
41.0,42.155517578125,-1.155517578125
39.0,40.49951171875,-1.49951171875
45.0,38.87255859375,6.12744140625
44.0,44.33447265625,-0.33447265625
53.0,43.433837890625,9.566162109375
53.0,51.59765625,1.40234375
59.0,51.59765625,7.40234375
44.0,56.07177734375,-12.07177734375
47.0,45.351318359375,1.648681640625
44.0,48.80859375,-4.80859375
43.0,45.61279296875,-2.61279296875
43.0,43.608154296875,-0.608154296875
38.0,42.852783203125,-4.852783203125
40.0,37.47802734375,2.52197265625
50.0,39.45361328125,10.54638671875
51.0,48.9248046875,2.0751953125
45.0,49.941650390625,-4.941650390625
43.0,45.6708984375,-2.6708984375
52.0,44.537841796875,7.462158203125
52.0,51.045654296875,0.954345703125
60.0,51.365234375,8.634765625
68.0,58.483154296875,9.516845703125
61.99999999999999,66.240234375,-4.240234375000007
63.0,61.53369140625,1.46630859375
72.0,61.7080078125,10.2919921875
70.0,69.8427734375,0.1572265625
65.0,67.57666015625,-2.57666015625
70.0,64.0322265625,5.9677734375
73.0,69.1455078125,3.8544921875
74.0,71.353515625,2.646484375
77.0,70.7724609375,6.2275390625
78.0,72.98046875,5.01953125
78.0,74.0263671875,3.9736328125
76.0,74.7236328125,1.2763671875
78.0,73.38720703125,4.61279296875
80.0,75.537109375,4.462890625
84.0,77.33837890625,6.66162109375
76.0,80.82470703125,-4.82470703125
73.0,74.607421875,-1.607421875
78.0,72.6318359375,5.3681640625
68.0,77.62890625,-9.62890625
66.0,67.5185546875,-1.5185546875
73.0,66.99560546875,6.00439453125
71.0,72.6318359375,-1.6318359375
67.0,69.958984375,-2.958984375
72.0,67.169921875,4.830078125
74.0,72.22509765625,1.77490234375
73.0,73.73583984375,-0.73583984375
79.0,73.677734375,5.322265625
61.99999999999999,78.84912109375,-16.849121093750007
60.0,64.20654296875,-4.20654296875
59.0,64.1484375,-5.1484375
60.0,61.82421875,-1.82421875
52.0,61.76611328125,-9.76611328125
58.0,54.5029296875,3.4970703125
56.0,59.55810546875,-3.55810546875
48.0,57.2919921875,-9.2919921875
48.0,50.49365234375,-2.49365234375
40.0,52.00439453125,-12.00439453125
39.0,43.75341796875,-4.75341796875
36.0,42.998046875,-6.998046875
38.0,38.814453125,-0.814453125
43.0,39.744140625,3.255859375
48.0,44.305419921875,3.694580078125
48.0,49.21533203125,-1.21533203125
60.0,48.6923828125,11.3076171875
58.0,59.09326171875,-1.09326171875
59.0,57.2919921875,1.7080078125
63.0,57.93115234375,5.06884765625
69.0,61.06884765625,7.93115234375
65.0,67.2861328125,-2.2861328125
52.0,64.4970703125,-12.4970703125
55.0,54.21240234375,0.78759765625
59.0,57.00146484375,1.99853515625
55.0,59.5,-4.5
64.0,55.49072265625,8.50927734375
65.0,61.359375,3.640625
59.0,61.64990234375,-2.64990234375
64.0,57.81494140625,6.18505859375
57.0,62.23095703125,-5.23095703125
52.0,57.11767578125,-5.11767578125
61.0,54.2705078125,6.7294921875
46.0,59.732421875,-13.732421875
50.0,48.16943359375,1.83056640625
53.0,52.294921875,0.705078125
50.0,53.921875,-3.921875
55.0,50.60986328125,4.39013671875
59.0,55.37451171875,3.62548828125
63.0,58.308837890625,4.691162109375
61.99999999999999,61.4755859375,0.5244140624999929
56.0,61.2431640625,-5.2431640625
56.0,56.5947265625,-0.5947265625
49.0,56.7109375,-7.7109375
47.0,51.336181640625,-4.336181640625
44.0,49.505859375,-5.505859375
44.0,45.6708984375,-1.6708984375
41.0,44.7412109375,-3.7412109375
44.0,41.08056640625,2.91943359375
50.0,44.68310546875,5.31689453125
50.0,50.95849609375,-0.95849609375
49.0,50.7841796875,-1.7841796875
48.0,49.73828125,-1.73828125
47.0,48.4599609375,-1.4599609375
43.0,47.93701171875,-4.93701171875
33.0,44.189208984375,-11.189208984375
39.0,33.323486328125,5.676513671875
36.0,39.68603515625,-3.68603515625
37.0,35.4443359375,1.5556640625
38.0,36.89697265625,1.10302734375
46.0,38.146240234375,7.853759765625
52.0,46.19384765625,5.80615234375
50.0,50.435546875,-0.435546875
51.0,48.98291015625,2.01708984375
44.0,50.406494140625,-6.406494140625
55.0,43.86962890625,11.13037109375
53.0,54.44482421875,-1.44482421875
43.0,51.626708984375,-8.626708984375
47.0,43.86962890625,3.13037109375
47.0,48.05322265625,-1.05322265625
48.0,47.2978515625,0.7021484375
52.0,47.646484375,4.353515625
49.0,51.045654296875,-2.045654296875
49.0,47.93701171875,1.06298828125
42.0,48.16943359375,-6.16943359375
48.0,41.37109375,6.62890625
50.0,48.314697265625,1.685302734375
52.0,49.2734375,2.7265625
47.0,50.7841796875,-3.7841796875
51.0,46.65869140625,4.34130859375
48.0,50.95849609375,-2.95849609375
42.0,48.34375,-6.34375
34.0,42.678466796875,-8.678466796875
35.0,35.03759765625,-0.03759765625
39.0,37.0712890625,1.9287109375
44.0,39.540771484375,4.459228515625
39.0,44.21826171875,-5.21826171875
43.0,39.192138671875,3.807861328125
52.0,43.17236328125,8.82763671875
63.0,51.9462890625,11.0537109375
46.0,60.0810546875,-14.0810546875
43.0,49.128173828125,-6.128173828125
49.0,46.54248046875,2.45751953125
50.0,50.203125,-0.203125
44.0,50.37744140625,-6.37744140625
46.0,45.322265625,0.677734375
47.0,46.251953125,0.748046875
48.0,46.629638671875,1.370361328125
52.0,47.501220703125,4.498779296875
42.0,51.336181640625,-9.336181640625
51.0,43.05615234375,7.94384765625
46.0,51.0166015625,-5.0166015625
40.0,46.978271484375,-6.978271484375
33.0,41.138671875,-8.138671875
39.0,33.93359375,5.06640625
40.0,40.238037109375,-0.238037109375
33.0,40.005615234375,-7.005615234375
43.0,32.5390625,10.4609375
50.0,42.620361328125,7.379638671875
50.0,49.505859375,0.494140625
44.0,49.73828125,-5.73828125
37.0,44.537841796875,-7.537841796875
48.0,39.3955078125,8.6044921875
55.0,47.210693359375,7.789306640625
54.0,53.86376953125,0.13623046875
46.0,53.63134765625,-7.63134765625
33.0,46.77490234375,-13.77490234375
40.0,34.195068359375,5.804931640625
37.0,41.981201171875,-4.981201171875
38.0,38.727294921875,-0.727294921875
40.0,39.22119140625,0.77880859375
46.0,39.3955078125,6.6044921875
53.0,44.79931640625,8.20068359375
55.0,51.7138671875,3.2861328125
53.0,53.63134765625,-0.63134765625
56.0,53.137451171875,2.862548828125
64.0,55.31640625,8.68359375
68.0,61.82421875,6.17578125
82.0,65.83349609375,16.16650390625
78.0,80.9990234375,-2.9990234375
80.0,78.61669921875,1.38330078125
72.0,80.7666015625,-8.7666015625
61.99999999999999,73.91015625,-11.910156250000007
58.0,64.4970703125,-6.4970703125
58.0,61.18505859375,-3.18505859375
53.0,60.0810546875,-7.0810546875
49.0,55.229248046875,-6.229248046875
41.0,51.53955078125,-10.53955078125
43.0,43.550048828125,-0.550048828125
45.0,45.9033203125,-0.9033203125
56.0,48.111328125,7.888671875
48.0,58.134521484375,-10.134521484375
49.0,52.12060546875,-3.12060546875
52.0,51.801025390625,0.198974609375
60.0,53.689453125,6.310546875
59.0,59.6162109375,-0.6162109375
57.0,59.03515625,-2.03515625
59.0,57.495361328125,1.504638671875
59.0,58.6865234375,0.3134765625
59.0,58.74462890625,0.25537109375
56.0,59.09326171875,-3.09326171875
58.0,56.76904296875,1.23095703125
56.0,58.27978515625,-2.27978515625
61.0,56.333251953125,4.666748046875
64.0,60.3134765625,3.6865234375
60.0,62.4052734375,-2.4052734375
61.99999999999999,59.5,2.499999999999993
72.0,61.2431640625,10.7568359375
69.0,70.24951171875,-1.24951171875
46.0,67.80908203125,-21.80908203125
52.0,52.58544921875,-0.58544921875
49.0,57.437255859375,-8.437255859375
53.0,52.52734375,0.47265625
56.0,55.054931640625,0.945068359375
76.0,56.30419921875,19.69580078125
57.0,71.5859375,-14.5859375
68.0,58.97705078125,9.02294921875
50.0,67.169921875,-17.169921875
47.0,54.764404296875,-7.764404296875
46.0,52.614501953125,-6.614501953125
51.0,49.91259765625,1.08740234375
49.0,52.35302734375,-3.35302734375
55.0,49.970703125,5.029296875
53.0,53.97998046875,-0.97998046875
52.0,52.52734375,-0.52734375
45.0,52.498291015625,-7.498291015625
41.0,47.2978515625,-6.2978515625
42.0,44.189208984375,-2.189208984375
41.0,45.5546875,-4.5546875
42.0,42.387939453125,-0.387939453125
42.0,42.533203125,-0.533203125
40.0,41.54541015625,-1.54541015625
35.0,39.482666015625,-4.482666015625
38.0,34.10791015625,3.89208984375
38.0,39.279296875,-1.279296875
34.0,38.552978515625,-4.552978515625
38.0,34.078857421875,3.921142578125
34.0,38.727294921875,-4.727294921875
41.0,33.41064453125,7.58935546875
40.0,40.470458984375,-0.470458984375
43.0,39.22119140625,3.77880859375
47.0,41.981201171875,5.018798828125
42.0,45.9033203125,-3.9033203125
44.0,41.225830078125,2.774169921875
40.0,43.608154296875,-3.608154296875
33.0,39.744140625,-6.744140625
30.999999999999996,32.277587890625,-1.2775878906250036
33.0,30.97021484375,2.02978515625
38.0,31.609375,6.390625
39.0,36.78076171875,2.21923828125
35.0,37.1875,-2.1875
35.0,32.916748046875,2.083251953125
42.0,33.5849609375,8.4150390625
45.0,41.806884765625,3.193115234375
45.0,44.392578125,0.607421875
44.0,44.654052734375,-0.654052734375
45.0,43.40478515625,1.59521484375
35.0,44.33447265625,-9.33447265625
35.0,34.34033203125,0.65966796875
36.0,35.880126953125,0.119873046875
39.0,35.79296875,3.20703125
38.0,39.192138671875,-1.192138671875
30.999999999999996,37.1875,-6.1875000000000036
35.0,30.15673828125,4.84326171875
29.0,34.659912109375,-5.659912109375
30.0,28.87841796875,1.12158203125
30.0,30.6796875,-0.6796875
22.0,30.27294921875,-8.27294921875
29.0,23.096923828125,5.903076171875
35.0,29.604736328125,5.395263671875
38.0,34.601806640625,3.398193359375
34.0,37.884765625,-3.884765625
42.0,32.71337890625,9.28662109375
42.0,40.90625,1.09375
45.0,40.877197265625,4.122802734375
40.0,42.910888671875,-2.910888671875
32.0,38.959716796875,-6.959716796875
35.0,31.7255859375,3.2744140625
33.0,33.265380859375,-0.265380859375
38.0,31.173583984375,6.826416015625
36.0,37.94287109375,-1.94287109375
39.0,33.41064453125,5.58935546875
47.0,37.565185546875,9.434814453125
42.0,45.060791015625,-3.060791015625
41.0,40.819091796875,0.180908203125
45.0,40.993408203125,4.006591796875
48.0,44.5087890625,3.4912109375
49.0,46.54248046875,2.45751953125
61.99999999999999,46.978271484375,15.021728515624993
57.0,59.732421875,-2.732421875
68.0,55.548828125,12.451171875
65.0,66.705078125,-1.705078125
63.0,63.68359375,-0.68359375
61.99999999999999,62.23095703125,-0.2309570312500071
65.0,60.5458984375,4.4541015625
61.0,63.50927734375,-2.50927734375
57.0,59.09326171875,-2.09326171875
59.0,55.95556640625,3.04443359375
59.0,57.81494140625,1.18505859375
61.0,57.35009765625,3.64990234375
59.0,59.267578125,-0.267578125
65.0,57.2919921875,7.7080078125
67.0,63.68359375,3.31640625
70.0,64.9619140625,5.0380859375
70.0,67.9833984375,2.0166015625
65.0,68.796875,-3.796875
67.0,65.310546875,1.689453125
65.0,67.2861328125,-2.2861328125
61.99999999999999,65.25244140625,-3.252441406250007
68.0,62.4052734375,5.5947265625
74.0,67.9833984375,6.0166015625
71.0,73.03857421875,-2.03857421875
69.0,70.3076171875,-1.3076171875
77.0,68.6806640625,8.3193359375
73.0,75.537109375,-2.537109375
69.0,72.515625,-3.515625
76.0,69.494140625,6.505859375
75.0,74.607421875,0.392578125
75.0,74.142578125,0.857421875
71.0,74.142578125,-3.142578125
66.0,70.83056640625,-4.83056640625
63.0,66.47265625,-3.47265625
57.0,64.1484375,-7.1484375
65.0,59.3837890625,5.6162109375
66.0,66.47265625,-0.47265625
49.0,66.8212890625,-17.8212890625
65.0,52.759765625,12.240234375
69.0,65.078125,3.921875
59.0,68.564453125,-9.564453125
65.0,61.99853515625,3.00146484375
71.0,65.6591796875,5.3408203125
60.0,69.26171875,-9.26171875
57.0,61.359375,-4.359375
65.0,58.802734375,6.197265625
61.99999999999999,63.68359375,-1.683593750000007
65.0,61.359375,3.640625
68.0,63.39306640625,4.60693359375
54.0,65.54296875,-11.54296875
61.0,55.548828125,5.451171875
63.0,61.53369140625,1.46630859375
70.0,62.6376953125,7.3623046875
59.0,68.099609375,-9.099609375
57.0,59.44189453125,-2.44189453125
61.99999999999999,57.9892578125,4.010742187499993
59.0,61.0107421875,-2.0107421875
61.0,58.97705078125,2.02294921875
51.0,60.5458984375,-9.5458984375
42.0,51.88818359375,-9.88818359375
51.0,45.932373046875,5.067626953125
37.0,52.00439453125,-15.00439453125
51.0,39.715087890625,11.284912109375
47.0,52.207763671875,-5.207763671875
61.0,49.505859375,11.494140625
63.0,59.006103515625,3.993896484375
59.0,60.72021484375,-1.72021484375
46.0,58.9189453125,-12.9189453125
44.0,48.605224609375,-4.605224609375
40.0,48.16943359375,-8.16943359375
44.0,43.462890625,0.537109375
46.0,45.61279296875,0.38720703125
40.0,46.65869140625,-6.65869140625
48.0,40.179931640625,7.820068359375
48.0,48.51806640625,-0.51806640625
50.0,48.198486328125,1.801513671875
55.0,50.49365234375,4.50634765625
49.0,54.79345703125,-5.79345703125
52.0,50.0869140625,1.9130859375
48.0,51.917236328125,-3.917236328125
52.0,48.6923828125,3.3076171875
44.0,51.9462890625,-7.9462890625
39.0,44.16015625,-5.16015625
40.0,39.9765625,0.0234375
44.0,40.412353515625,3.587646484375
38.0,43.6953125,-5.6953125
48.0,37.419921875,10.580078125
44.0,47.501220703125,-3.501220703125
41.0,43.8115234375,-2.8115234375
40.0,41.2548828125,-1.2548828125
36.0,40.61572265625,-4.61572265625
43.0,36.19970703125,6.80029296875
35.0,43.6953125,-8.6953125
32.0,34.950439453125,-2.950439453125
32.0,31.115478515625,0.884521484375
34.0,31.347900390625,2.652099609375
38.0,33.3525390625,4.6474609375
40.0,38.669189453125,1.330810546875
39.0,39.773193359375,-0.773193359375
36.0,38.64013671875,-2.64013671875
30.0,35.2119140625,-5.2119140625
40.0,30.011474609375,9.988525390625
36.0,41.2548828125,-5.2548828125
33.0,35.763916015625,-2.763916015625
34.0,32.07421875,1.92578125
32.0,33.207275390625,-1.207275390625
40.0,30.941162109375,9.058837890625
39.0,39.9765625,-0.9765625
40.0,38.088134765625,1.911865234375
42.0,39.80224609375,2.19775390625
40.0,41.138671875,-1.138671875
38.0,39.68603515625,-1.68603515625
37.0,38.349609375,-1.349609375
32.0,37.623291015625,-5.623291015625
26.0,31.289794921875,-5.289794921875
21.0,27.222412109375,-6.222412109375
20.0,22.71923828125,-2.71923828125
27.0,21.4990234375,5.5009765625
35.0,27.629150390625,7.370849609375
38.0,33.8173828125,4.1826171875
42.0,37.419921875,4.580078125
46.0,41.42919921875,4.57080078125
57.0,44.33447265625,12.66552734375
51.0,53.63134765625,-2.63134765625
58.0,47.849853515625,10.150146484375
58.0,53.51513671875,4.48486328125
61.99999999999999,53.486083984375,8.513916015624993
67.0,56.943359375,10.056640625
64.0,62.6376953125,1.3623046875
65.0,60.95263671875,4.04736328125
54.0,62.056640625,-8.056640625
53.0,52.207763671875,0.792236328125
45.0,52.9921875,-7.9921875
58.0,43.898681640625,14.101318359375
47.0,54.09619140625,-7.09619140625
58.0,44.479736328125,13.520263671875
56.0,54.415771484375,1.584228515625
47.0,53.921875,-6.921875
42.0,46.89111328125,-4.89111328125
45.0,42.910888671875,2.089111328125
40.0,45.49658203125,-5.49658203125
47.0,39.6279296875,7.3720703125
46.0,46.251953125,-0.251953125
50.0,44.595947265625,5.404052734375
51.0,49.186279296875,1.813720703125
58.0,49.360595703125,8.639404296875
52.0,55.31640625,-3.31640625
52.0,51.30712890625,0.69287109375
56.0,52.323974609375,3.676025390625
55.0,53.74755859375,1.25244140625
48.0,53.892822265625,-5.892822265625
45.0,48.4599609375,-3.4599609375
49.0,46.19384765625,2.80615234375
65.0,48.98291015625,16.01708984375
65.0,60.60400390625,4.39599609375
59.0,61.88232421875,-2.88232421875
61.0,58.16357421875,2.83642578125
64.0,60.197265625,3.802734375
67.0,62.1728515625,4.8271484375
70.0,65.078125,4.921875
71.0,67.8671875,3.1328125
73.0,69.26171875,3.73828125
69.0,71.2373046875,-2.2373046875
61.0,67.92529296875,-6.92529296875
68.0,61.06884765625,6.93115234375
70.0,65.83349609375,4.16650390625
61.99999999999999,68.39013671875,-6.390136718750007
61.99999999999999,62.34716796875,-0.3471679687500071
70.0,61.9404296875,8.0595703125
66.0,67.2861328125,-1.2861328125
64.0,64.61328125,-0.61328125
61.99999999999999,64.0322265625,-2.032226562500007
57.0,62.34716796875,-5.34716796875
52.0,58.62841796875,-6.62841796875
56.0,54.7353515625,1.2646484375
58.0,57.843994140625,0.156005859375
54.0,58.74462890625,-4.74462890625
42.0,55.31640625,-13.31640625
49.0,44.2763671875,4.7236328125
58.0,52.265869140625,5.734130859375
63.0,59.064208984375,3.935791015625
61.99999999999999,62.6376953125,-0.6376953125000071
47.0,61.82421875,-14.82421875
32.0,50.26123046875,-18.26123046875
40.0,36.43212890625,3.56787109375
42.0,44.5087890625,-2.5087890625
47.0,44.770263671875,2.229736328125
44.0,48.024169921875,-4.024169921875
43.0,44.479736328125,-1.479736328125
42.0,43.23046875,-1.23046875
29.0,43.550048828125,-14.550048828125
32.0,30.38916015625,1.61083984375
29.0,36.926025390625,-7.926025390625
20.0,30.708740234375,-10.708740234375
17.0,22.109130859375,-5.109130859375
26.0,19.087646484375,6.912353515625
27.0,24.1864013671875,2.8135986328125
22.0,25.85693359375,-3.85693359375
17.0,21.876708984375,-4.876708984375
23.0,17.983642578125,5.016357421875
28.0,23.76513671875,4.23486328125
39.0,28.06494140625,10.93505859375
42.0,38.349609375,3.650390625
46.0,40.38330078125,5.61669921875
39.0,42.4169921875,-3.4169921875
36.0,35.473388671875,0.526611328125
28.0,34.57275390625,-6.57275390625
32.0,28.5152587890625,3.4847412109375
33.0,30.73779296875,2.26220703125
32.0,30.7958984375,1.2041015625
33.0,29.28515625,3.71484375
33.0,30.04052734375,2.95947265625
34.0,29.8662109375,4.1337890625
41.0,31.66748046875,9.33251953125
41.0,40.993408203125,0.006591796875
35.0,40.586669921875,-5.586669921875
35.0,33.3525390625,1.6474609375
32.0,34.078857421875,-2.078857421875
33.0,30.766845703125,2.233154296875
40.0,31.812744140625,8.187255859375
38.0,39.598876953125,-1.598876953125
36.0,36.461181640625,-0.461181640625
33.0,34.0498046875,-1.0498046875
41.0,31.406005859375,9.593994140625
57.0,40.644775390625,16.355224609375
60.0,54.009033203125,5.990966796875
50.0,57.11767578125,-7.11767578125
49.0,50.203125,-1.203125
43.0,49.91259765625,-6.91259765625
48.0,44.392578125,3.607421875
45.0,46.571533203125,-1.571533203125
41.0,44.305419921875,-3.305419921875
35.0,41.31298828125,-6.31298828125
36.0,34.86328125,1.13671875
32.0,36.19970703125,-4.19970703125
33.0,31.289794921875,1.710205078125
34.0,33.1201171875,0.8798828125
29.0,33.555908203125,-4.555908203125
46.0,28.2828369140625,17.7171630859375
37.0,45.5546875,-8.5546875
37.0,36.54833984375,0.45166015625
38.0,37.797607421875,0.202392578125
24.0,38.901611328125,-14.901611328125
21.0,25.653564453125,-4.653564453125
22.0,24.084716796875,-2.084716796875
27.0,23.5181884765625,3.4818115234375
17.0,27.0916748046875,-10.0916748046875
28.0,16.8070068359375,11.1929931640625
29.0,26.20556640625,2.79443359375
33.0,28.384521484375,4.615478515625
35.0,31.20263671875,3.79736328125
43.0,33.64306640625,9.35693359375
34.0,40.993408203125,-6.993408203125
44.0,31.66748046875,12.33251953125
43.0,41.864990234375,1.135009765625
47.0,40.819091796875,6.180908203125
52.0,43.608154296875,8.391845703125
59.0,48.86669921875,10.13330078125
53.0,54.44482421875,-1.44482421875
63.0,50.95849609375,12.04150390625
65.0,58.51220703125,6.48779296875
69.0,61.359375,7.640625
63.0,65.83349609375,-2.83349609375
73.0,60.89453125,12.10546875
70.0,71.41162109375,-1.41162109375
61.99999999999999,68.04150390625,-6.041503906250007
65.0,60.89453125,4.10546875
74.0,64.09033203125,9.90966796875
71.0,69.3779296875,1.6220703125
72.0,67.8671875,4.1328125
68.0,68.9130859375,-0.9130859375
73.0,65.48486328125,7.51513671875
73.0,70.423828125,2.576171875
67.0,71.17919921875,-4.17919921875
66.0,66.47265625,-0.47265625
64.0,66.0078125,-2.0078125
67.0,63.85791015625,3.14208984375
70.0,66.8212890625,3.1787109375
64.0,68.9130859375,-4.9130859375
61.99999999999999,64.1484375,-2.148437500000007
65.0,62.57958984375,2.42041015625
61.0,64.7294921875,-3.7294921875
59.0,61.4755859375,-2.4755859375
66.0,60.25537109375,5.74462890625
72.0,65.8916015625,6.1083984375
58.0,70.423828125,-12.423828125
67.0,59.6162109375,7.3837890625
84.0,65.83349609375,18.16650390625
82.0,80.7666015625,1.2333984375
77.0,80.3017578125,-3.3017578125
73.0,77.861328125,-4.861328125
69.0,73.91015625,-4.91015625
65.0,70.19140625,-5.19140625
67.0,66.240234375,0.759765625
65.0,67.57666015625,-2.57666015625
74.0,65.02001953125,8.97998046875
69.0,71.818359375,-2.818359375
61.99999999999999,67.46044921875,-5.460449218750007
58.0,62.521484375,-4.521484375
71.0,60.25537109375,10.74462890625
75.0,71.0048828125,3.9951171875
74.0,73.5615234375,0.4384765625
77.0,72.98046875,4.01953125
83.0,75.6533203125,7.3466796875
66.0,79.6044921875,-13.6044921875
59.0,66.0078125,-7.0078125
61.0,62.056640625,-1.056640625
58.0,63.39306640625,-5.39306640625
70.0,60.02294921875,9.97705078125
50.0,69.6103515625,-19.6103515625
60.0,54.21240234375,5.78759765625
50.0,61.30126953125,-11.30126953125
46.0,52.8759765625,-6.8759765625
43.0,49.767333984375,-6.767333984375
47.0,47.2978515625,-0.2978515625
44.0,48.837646484375,-4.837646484375
40.0,44.79931640625,-4.79931640625
51.0,40.7900390625,10.2099609375
55.0,52.382080078125,2.617919921875
50.0,54.154296875,-4.154296875
58.0,50.95849609375,7.04150390625
55.0,56.739990234375,-1.739990234375
57.0,53.86376953125,3.13623046875
55.0,55.14208984375,-0.14208984375
49.0,53.253662109375,-4.253662109375
43.0,48.05322265625,-5.05322265625
45.0,43.05615234375,1.94384765625
49.0,44.5087890625,4.4912109375
38.0,47.5302734375,-9.5302734375
46.0,35.96728515625,10.03271484375
46.0,44.56689453125,1.43310546875
47.0,45.002685546875,1.997314453125
52.0,46.484375,5.515625
52.0,51.0166015625,0.9833984375
57.0,50.66796875,6.33203125
47.0,55.345458984375,-8.345458984375
43.0,46.65869140625,-3.65869140625
47.0,44.537841796875,2.462158203125
44.0,47.70458984375,-3.70458984375
48.0,43.98583984375,4.01416015625
44.0,47.849853515625,-3.849853515625
47.0,43.3466796875,3.6533203125
46.0,46.3681640625,-0.3681640625
47.0,45.08984375,1.91015625
45.0,46.716796875,-1.716796875
41.0,44.944580078125,-3.944580078125
38.0,40.760986328125,-2.760986328125
44.0,38.146240234375,5.853759765625
38.0,43.75341796875,-5.75341796875
45.0,37.332763671875,7.667236328125
42.0,44.21826171875,-2.21826171875
43.0,40.935302734375,2.064697265625
47.0,41.923095703125,5.076904296875
51.0,46.484375,4.515625
38.0,48.9248046875,-10.9248046875
39.0,37.12939453125,1.87060546875
46.0,39.8603515625,6.1396484375
36.0,45.2060546875,-9.2060546875
37.0,34.22412109375,2.77587890625
41.0,36.577392578125,4.422607421875
43.0,39.51171875,3.48828125
47.0,41.342041015625,5.657958984375
52.0,45.641845703125,6.358154296875
44.0,49.825439453125,-5.825439453125
48.0,43.143310546875,4.856689453125
44.0,46.803955078125,-2.803955078125
47.0,43.840576171875,3.159423828125
47.0,47.646484375,-0.646484375
44.0,46.803955078125,-2.803955078125
39.0,43.63720703125,-4.63720703125
39.0,39.134033203125,-0.134033203125
40.0,38.58203125,1.41796875
42.0,39.046875,2.953125
39.0,40.586669921875,-1.586669921875
39.0,38.64013671875,0.35986328125
34.0,38.611083984375,-4.611083984375
30.0,33.788330078125,-3.788330078125
37.0,30.592529296875,6.407470703125
29.0,38.17529296875,-9.17529296875
32.0,29.4013671875,2.5986328125
44.0,31.66748046875,12.33251953125
48.0,43.462890625,4.537109375
50.0,46.920166015625,3.079833984375
50.0,49.302490234375,0.697509765625
54.0,49.360595703125,4.639404296875
59.0,53.253662109375,5.746337890625
59.0,57.088623046875,1.911376953125
51.0,57.35009765625,-6.35009765625
55.0,50.37744140625,4.62255859375
44.0,54.67724609375,-10.67724609375
45.0,44.595947265625,0.404052734375
43.0,46.339111328125,-3.339111328125
40.0,43.63720703125,-3.63720703125
42.0,39.33740234375,2.66259765625
47.0,41.08056640625,5.91943359375
45.0,46.19384765625,-1.19384765625
45.0,44.0439453125,0.9560546875
48.0,44.7412109375,3.2587890625
54.0,47.87890625,6.12109375
50.0,53.05029296875,-3.05029296875
56.0,49.79638671875,6.20361328125
49.0,55.345458984375,-6.345458984375
52.0,49.070068359375,2.929931640625
57.0,51.88818359375,5.11181640625
64.0,55.78125,8.21875
66.0,61.591796875,4.408203125
61.0,62.57958984375,-1.57958984375
57.0,58.715576171875,-1.715576171875
58.0,55.6650390625,2.3349609375
61.99999999999999,56.100830078125,5.899169921874993
59.0,59.412841796875,-0.412841796875
64.0,56.42041015625,7.57958984375
64.0,61.0107421875,2.9892578125
78.0,61.06884765625,16.93115234375
82.0,74.0263671875,7.9736328125
72.0,77.9775390625,-5.9775390625
66.0,71.4697265625,-5.4697265625
70.0,66.5888671875,3.4111328125
73.0,70.3076171875,2.6923828125
57.0,72.6318359375,-15.6318359375
58.0,58.308837890625,-0.308837890625
59.0,60.3134765625,-1.3134765625
57.0,59.44189453125,-2.44189453125
59.0,57.58251953125,1.41748046875
60.0,58.9189453125,1.0810546875
54.0,58.773681640625,-4.773681640625
61.0,54.7353515625,6.2646484375
58.0,60.662109375,-2.662109375
59.0,58.27978515625,0.72021484375
54.0,59.90673828125,-5.90673828125
44.0,55.461669921875,-11.461669921875
49.0,46.8330078125,2.1669921875
53.0,51.42333984375,1.57666015625
60.0,54.531982421875,5.468017578125
44.0,60.37158203125,-16.37158203125
38.0,46.77490234375,-8.77490234375
33.0,40.760986328125,-7.760986328125
39.0,34.020751953125,4.979248046875
48.0,41.632568359375,6.367431640625
47.0,49.651123046875,-2.651123046875
44.0,48.256591796875,-4.256591796875
49.0,44.363525390625,4.636474609375
46.0,48.80859375,-2.80859375
48.0,46.629638671875,1.370361328125
42.0,48.256591796875,-6.256591796875
45.0,43.28857421875,1.71142578125
45.0,46.31005859375,-1.31005859375
41.0,45.9033203125,-4.9033203125
44.0,42.01025390625,1.98974609375
47.0,44.595947265625,2.404052734375
44.0,46.397216796875,-2.397216796875
41.0,43.433837890625,-2.433837890625
39.0,40.354248046875,-1.354248046875
47.0,38.959716796875,8.040283203125
49.0,46.629638671875,2.370361328125
45.0,48.024169921875,-3.024169921875
48.0,44.595947265625,3.404052734375
48.0,46.978271484375,1.021728515625
46.0,46.920166015625,-0.920166015625
47.0,45.118896484375,1.881103515625
52.0,46.65869140625,5.34130859375
49.0,51.42333984375,-2.42333984375
54.0,48.63427734375,5.36572265625
59.0,53.427978515625,5.572021484375
54.0,57.669677734375,-3.669677734375
66.0,54.2705078125,11.7294921875
53.0,63.7998046875,-10.7998046875
53.0,54.067138671875,-1.067138671875
58.0,54.44482421875,3.55517578125
56.0,57.46630859375,-1.46630859375
43.0,55.37451171875,-12.37451171875
48.0,43.75341796875,4.24658203125
47.0,49.186279296875,-2.186279296875
58.0,47.12353515625,10.87646484375
64.0,57.23388671875,6.76611328125
55.0,61.30126953125,-6.30126953125
61.99999999999999,54.996826171875,7.003173828124993
57.0,60.60400390625,-3.60400390625
51.0,56.565673828125,-5.565673828125
58.0,52.1787109375,5.8212890625
50.0,56.7109375,-6.7109375
54.0,50.522705078125,3.477294921875
69.0,54.154296875,14.845703125
58.0,66.240234375,-8.240234375
55.0,57.727783203125,-2.727783203125
47.0,55.4326171875,-8.4326171875
54.0,48.779541015625,5.220458984375
53.0,54.2705078125,-1.2705078125
60.0,53.253662109375,6.746337890625
64.0,57.81494140625,6.18505859375
61.0,60.95263671875,0.04736328125
59.0,59.20947265625,-0.20947265625
57.0,58.134521484375,-1.134521484375
53.0,56.943359375,-3.943359375
48.0,54.21240234375,-6.21240234375
61.99999999999999,49.68017578125,12.319824218749993
61.0,58.831787109375,2.168212890625
67.0,58.366943359375,8.633056640625
61.99999999999999,63.74169921875,-1.741699218750007
64.0,59.732421875,4.267578125
55.0,61.9404296875,-6.9404296875
55.0,55.083984375,-0.083984375
60.0,56.53662109375,3.46337890625
60.0,59.67431640625,0.32568359375
56.0,59.267578125,-3.267578125
55.0,55.72314453125,-0.72314453125
68.0,54.706298828125,13.293701171875
67.0,65.36865234375,1.63134765625
60.0,64.380859375,-4.380859375
69.0,59.412841796875,9.587158203125
65.0,67.0537109375,-2.0537109375
59.0,64.09033203125,-5.09033203125
67.0,59.470947265625,7.529052734375
67.0,64.9619140625,2.0380859375
50.0,64.90380859375,-14.90380859375
44.0,52.46923828125,-8.46923828125
45.0,48.63427734375,-3.63427734375
47.0,47.82080078125,-0.82080078125
48.0,47.907958984375,0.092041015625
37.0,48.6923828125,-11.6923828125
41.0,35.85107421875,5.14892578125
26.0,44.21826171875,-18.21826171875
34.0,26.8883056640625,7.1116943359375
33.0,34.020751953125,-1.020751953125
32.0,32.974853515625,-0.974853515625
30.999999999999996,31.928955078125,-0.9289550781250036
33.0,30.85400390625,2.14599609375
57.0,31.08642578125,25.91357421875
61.0,54.009033203125,6.990966796875
47.0,56.5947265625,-9.5947265625
56.0,48.28564453125,7.71435546875
59.0,55.49072265625,3.50927734375
58.0,56.333251953125,1.666748046875
72.0,55.8974609375,16.1025390625
65.0,68.2158203125,-3.2158203125
63.0,62.521484375,0.478515625
58.0,61.7080078125,-3.7080078125
61.0,57.640625,3.359375
45.0,59.8486328125,-14.8486328125
59.0,47.385009765625,11.614990234375
58.0,56.449462890625,1.550537109375
67.0,56.333251953125,10.666748046875
70.0,62.46337890625,7.53662109375
71.0,65.6591796875,5.3408203125
66.0,67.40234375,-1.40234375
59.0,64.32275390625,-5.32275390625
69.0,60.13916015625,8.86083984375
75.0,66.8212890625,8.1787109375
63.0,71.7021484375,-8.7021484375
66.0,63.916015625,2.083984375
64.0,65.25244140625,-1.25244140625
66.0,63.5673828125,2.4326171875
66.0,64.4970703125,1.5029296875
63.0,64.43896484375,-1.43896484375
61.0,62.2890625,-1.2890625
51.0,60.7783203125,-9.7783203125
53.0,52.730712890625,0.269287109375
61.0,55.37451171875,5.62548828125
52.0,61.126953125,-9.126953125
52.0,54.241455078125,-2.241455078125
58.0,54.21240234375,3.78759765625
48.0,58.5703125,-10.5703125
51.0,49.651123046875,1.348876953125
51.0,53.776611328125,-2.776611328125
46.0,52.58544921875,-6.58544921875
61.0,47.5302734375,13.4697265625
54.0,59.90673828125,-5.90673828125
61.99999999999999,54.44482421875,7.555175781249993
51.0,59.20947265625,-8.20947265625
42.0,51.684814453125,-9.684814453125
38.0,45.03173828125,-7.03173828125
40.0,41.342041015625,-1.342041015625
40.0,41.981201171875,-1.981201171875
39.0,40.528564453125,-1.528564453125
39.0,39.10498046875,-0.10498046875
45.0,39.017822265625,5.982177734375
47.0,45.49658203125,1.50341796875
44.0,46.94921875,-2.94921875
36.0,44.654052734375,-8.654052734375
41.0,37.913818359375,3.086181640625
41.0,42.12646484375,-1.12646484375
47.0,41.864990234375,5.135009765625
39.0,47.181640625,-8.181640625
46.0,39.134033203125,6.865966796875
34.0,43.28857421875,-9.28857421875
32.0,31.115478515625,0.884521484375
33.0,32.103271484375,0.896728515625
33.0,31.89990234375,1.10009765625
34.0,31.78369140625,2.21630859375
32.0,33.701171875,-1.701171875
29.0,30.97021484375,-1.97021484375
29.0,29.372314453125,-0.372314453125
35.0,29.4739990234375,5.5260009765625
37.0,35.008544921875,1.991455078125
48.0,36.635498046875,11.364501953125
43.0,47.58837890625,-4.58837890625
38.0,42.6494140625,-4.6494140625
40.0,39.279296875,0.720703125
42.0,40.586669921875,1.413330078125
40.0,41.806884765625,-1.806884765625
43.0,39.831298828125,3.168701171875
42.0,42.213623046875,-0.213623046875
45.0,40.84814453125,4.15185546875
35.0,43.86962890625,-8.86962890625
37.0,34.020751953125,2.979248046875
33.0,38.29150390625,-5.29150390625
30.999999999999996,33.00390625,-2.0039062500000036
29.0,30.7958984375,-1.7958984375
29.0,28.587890625,0.412109375
28.0,28.6314697265625,-0.6314697265625
32.0,27.8470458984375,4.1529541015625
35.0,31.347900390625,3.652099609375
42.0,34.369384765625,7.630615234375
40.0,41.458251953125,-1.458251953125
39.0,39.9765625,-0.9765625
46.0,39.075927734375,6.924072265625
37.0,44.91552734375,-7.91552734375
33.0,36.43212890625,-3.43212890625
38.0,32.974853515625,5.025146484375
42.0,38.9306640625,3.0693359375
45.0,41.051513671875,3.948486328125
35.0,42.504150390625,-7.504150390625
30.999999999999996,31.987060546875,-0.9870605468750036
41.0,29.92431640625,11.07568359375
36.0,40.993408203125,-4.993408203125
38.0,33.614013671875,4.385986328125
37.0,38.901611328125,-1.901611328125
41.0,36.054443359375,4.945556640625
49.0,39.744140625,9.255859375
41.0,46.455322265625,-5.455322265625
40.0,39.773193359375,0.226806640625
43.0,40.179931640625,2.820068359375
46.0,42.1845703125,3.8154296875
57.0,44.014892578125,12.985107421875
52.0,55.054931640625,-3.054931640625
59.0,50.0869140625,8.9130859375
58.0,55.83935546875,2.16064453125
60.0,55.95556640625,4.04443359375
52.0,56.30419921875,-4.30419921875
51.0,50.02880859375,0.97119140625
45.0,51.2490234375,-6.2490234375
50.0,45.6708984375,4.3291015625
56.0,50.435546875,5.564453125
41.0,54.32861328125,-13.32861328125
47.0,40.3251953125,6.6748046875
52.0,47.70458984375,4.29541015625
43.0,51.0166015625,-8.0166015625
41.0,42.47509765625,-1.47509765625
49.0,41.19677734375,7.80322265625
50.0,47.646484375,2.353515625
46.0,48.256591796875,-2.256591796875
47.0,45.38037109375,1.61962890625
51.0,45.932373046875,5.067626953125
59.0,49.476806640625,9.523193359375
57.0,55.02587890625,1.97412109375
57.0,53.8056640625,3.1943359375
55.0,54.5029296875,0.4970703125
51.0,53.224609375,-2.224609375
56.0,50.813232421875,5.186767578125
60.0,53.950927734375,6.049072265625
58.0,57.11767578125,0.88232421875
57.0,55.926513671875,1.073486328125
70.0,55.49072265625,14.50927734375
72.0,67.40234375,4.59765625
64.0,68.796875,-4.796875
61.99999999999999,63.16064453125,-1.160644531250007
64.0,61.82421875,2.17578125
70.0,62.92822265625,7.07177734375
64.0,68.099609375,-4.099609375
63.0,61.126953125,1.873046875
71.0,60.3134765625,10.6865234375
69.0,67.9833984375,1.0166015625
61.0,66.06591796875,-5.06591796875
66.0,59.03515625,6.96484375
70.0,63.68359375,6.31640625
65.0,66.8212890625,-1.8212890625
60.0,62.6376953125,-2.6376953125
71.0,59.20947265625,11.79052734375
58.0,69.029296875,-11.029296875
56.0,57.2919921875,-1.2919921875
55.0,56.42041015625,-1.42041015625
59.0,54.8515625,4.1484375
52.0,57.23388671875,-5.23388671875
56.0,51.4814453125,4.5185546875
26.0,55.02587890625,-29.02587890625
22.0,30.7958984375,-8.7958984375
17.0,25.653564453125,-8.653564453125
15.0,19.145751953125,-4.145751953125
15.0,16.8941650390625,-1.8941650390625
15.0,15.97900390625,-0.97900390625
11.0,13.9888916015625,-2.9888916015625
10.0,10.8511962890625,-0.8511962890625
10.0,9.8924560546875,0.1075439453125
10.0,9.9796142578125,0.0203857421875
6.0,10.546142578125,-4.546142578125
5.0,8.6141357421875,-3.6141357421875
5.0,8.5560302734375,-3.5560302734375
10.0,8.221923828125,1.778076171875
8.0,11.301513671875,-3.301513671875
5.0,8.7012939453125,-3.7012939453125
9.0,6.44970703125,2.55029296875
10.0,8.6431884765625,1.3568115234375
6.0,8.9918212890625,-2.9918212890625
8.0,6.536865234375,1.463134765625
10.0,8.1783447265625,1.8216552734375
10.0,9.35498046875,0.64501953125
14.0,9.325927734375,4.674072265625
10.0,12.637939453125,-2.637939453125
10.0,9.267822265625,0.732177734375
10.0,9.616455078125,0.383544921875
10.0,9.5147705078125,0.4852294921875
9.0,9.47119140625,-0.47119140625
11.0,8.570556640625,2.429443359375
11.0,9.8779296875,1.1220703125
10.0,9.7762451171875,0.2237548828125
14.0,9.12255859375,4.87744140625
9.0,12.579833984375,-3.579833984375
10.0,8.8465576171875,1.1534423828125
10.0,9.7762451171875,0.2237548828125
14.0,9.500244140625,4.499755859375
15.0,12.7977294921875,2.2022705078125
20.0,13.1318359375,6.8681640625
19.0,17.8819580078125,1.1180419921875
16.0,16.3421630859375,-0.3421630859375
13.0,14.2213134765625,-1.2213134765625
11.0,12.4781494140625,-1.4781494140625
15.0,11.1417236328125,3.8582763671875
27.0,15.107421875,11.892578125
24.0,25.39208984375,-1.39208984375
26.0,20.9615478515625,5.0384521484375
26.0,23.2567138671875,2.7432861328125
26.0,24.69482421875,1.30517578125
24.0,25.014404296875,-1.014404296875
24.0,23.53271484375,0.46728515625
33.0,23.736083984375,9.263916015625
37.0,31.173583984375,5.826416015625
27.0,33.614013671875,-6.614013671875
30.0,26.002197265625,3.997802734375
25.0,28.7476806640625,-3.7476806640625
22.0,24.723876953125,-2.723876953125
24.0,22.457763671875,1.542236328125
30.999999999999996,24.22998046875,6.7700195312499964
25.0,29.7354736328125,-4.7354736328125
37.0,23.561767578125,13.438232421875
43.0,35.38623046875,7.61376953125
30.999999999999996,41.051513671875,-10.051513671875004
42.0,30.3310546875,11.6689453125
44.0,40.49951171875,3.50048828125
51.0,42.387939453125,8.612060546875
56.0,48.547119140625,7.452880859375
47.0,54.38671875,-7.38671875
54.0,46.251953125,7.748046875
51.0,52.52734375,-1.52734375
48.0,50.02880859375,-2.02880859375
56.0,47.23974609375,8.76025390625
47.0,53.544189453125,-6.544189453125
39.0,46.6005859375,-7.6005859375
34.0,39.68603515625,-5.68603515625
39.0,33.439697265625,5.560302734375
44.0,39.134033203125,4.865966796875
43.0,43.98583984375,-0.98583984375
34.0,42.968994140625,-8.968994140625
35.0,32.510009765625,2.489990234375
39.0,35.182861328125,3.817138671875
42.0,39.91845703125,2.08154296875
45.0,42.93994140625,2.06005859375
42.0,45.49658203125,-3.49658203125
41.0,42.47509765625,-1.47509765625
32.0,41.283935546875,-9.283935546875
33.0,31.987060546875,1.012939453125
30.0,35.066650390625,-5.066650390625
34.0,30.912109375,3.087890625
40.0,34.166015625,5.833984375
34.0,39.482666015625,-5.482666015625
42.0,32.742431640625,9.257568359375
41.0,41.603515625,-0.603515625
33.0,40.586669921875,-7.586669921875
29.0,32.94580078125,-3.94580078125
25.0,31.0283203125,-6.0283203125
15.0,27.222412109375,-12.222412109375
15.0,16.763427734375,-1.763427734375
20.0,17.5478515625,2.4521484375
19.0,20.424072265625,-1.424072265625
23.0,18.59375,4.40625
21.0,23.4019775390625,-2.4019775390625
22.0,21.150390625,0.849609375
20.0,23.1259765625,-3.1259765625
22.0,21.179443359375,0.820556640625
15.0,22.95166015625,-7.95166015625
11.0,15.833740234375,-4.833740234375
17.0,12.7977294921875,4.2022705078125
22.0,17.751220703125,4.248779296875
23.0,21.78955078125,1.21044921875
20.0,22.457763671875,-2.457763671875
20.0,19.0731201171875,0.9268798828125
29.0,19.494384765625,9.505615234375
33.0,28.326416015625,4.673583984375
38.0,30.50537109375,7.49462890625
34.0,35.124755859375,-1.124755859375
36.0,30.592529296875,5.407470703125
35.0,32.568115234375,2.431884765625
35.0,31.841796875,3.158203125
26.0,32.626220703125,-6.626220703125
33.0,26.118408203125,6.881591796875
35.0,31.2607421875,3.7392578125
37.0,32.742431640625,4.257568359375
42.0,34.601806640625,7.398193359375
47.0,40.15087890625,6.84912109375
46.0,44.828369140625,1.171630859375
42.0,44.654052734375,-2.654052734375
43.0,41.632568359375,1.367431640625
46.0,43.05615234375,2.94384765625
50.0,45.322265625,4.677734375
42.0,48.895751953125,-6.895751953125
48.0,41.864990234375,6.135009765625
51.0,47.23974609375,3.76025390625
42.0,49.8544921875,-7.8544921875
48.0,42.155517578125,5.844482421875
40.0,47.385009765625,-7.385009765625
39.0,40.296142578125,-1.296142578125
40.0,39.51171875,0.48828125
42.0,39.8603515625,2.1396484375
52.0,41.31298828125,10.68701171875
61.0,51.07470703125,9.92529296875
53.0,58.5703125,-5.5703125
43.0,53.224609375,-10.224609375
37.0,44.857421875,-7.857421875
35.0,40.063720703125,-5.063720703125
38.0,38.29150390625,-0.29150390625
38.0,40.61572265625,-2.61572265625
48.0,39.22119140625,8.77880859375
40.0,47.87890625,-7.87890625
41.0,40.586669921875,0.413330078125
36.0,41.748779296875,-5.748779296875
26.0,36.66455078125,-10.66455078125
24.0,27.71630859375,-3.71630859375
21.0,26.118408203125,-5.118408203125
22.0,21.84765625,0.15234375
29.0,22.0074462890625,6.9925537109375
36.0,28.123046875,7.876953125
28.0,36.19970703125,-8.19970703125
30.999999999999996,27.7598876953125,3.2401123046874964
34.0,31.115478515625,2.884521484375
37.0,33.672119140625,3.327880859375
35.0,37.042236328125,-2.042236328125
36.0,33.497802734375,2.502197265625
40.0,35.095703125,4.904296875
44.0,39.715087890625,4.284912109375
38.0,42.4169921875,-4.4169921875
45.0,37.739501953125,7.260498046875
44.0,44.33447265625,-0.33447265625
39.0,43.17236328125,-4.17236328125
40.0,38.814453125,1.185546875
42.0,39.947509765625,2.052490234375
44.0,41.31298828125,2.68701171875
39.0,42.8818359375,-3.8818359375
40.0,38.204345703125,1.795654296875
36.0,39.308349609375,-3.308349609375
27.0,35.50244140625,-8.50244140625
24.0,27.5855712890625,-3.5855712890625
18.0,25.421142578125,-7.421142578125
18.0,19.029541015625,-1.029541015625
14.0,18.6954345703125,-4.6954345703125
20.0,14.41015625,5.58984375
21.0,20.2352294921875,0.7647705078125
18.0,21.3828125,-3.3828125
26.0,18.739013671875,7.260986328125
30.0,26.6558837890625,3.3441162109375
27.0,28.9801025390625,-1.9801025390625
26.0,27.01904296875,-1.01904296875
26.0,26.641357421875,-0.641357421875
32.0,26.525146484375,5.474853515625
25.0,30.824951171875,-5.824951171875
35.0,25.188720703125,9.811279296875
45.0,31.31884765625,13.68115234375
44.0,42.35888671875,1.64111328125
52.0,40.90625,11.09375
58.0,48.9248046875,9.0751953125
52.0,55.02587890625,-3.02587890625
52.0,49.79638671875,2.20361328125
59.0,50.95849609375,8.04150390625
57.0,58.04736328125,-1.04736328125
57.0,56.275146484375,0.724853515625
57.0,56.18798828125,0.81201171875
59.0,55.519775390625,3.480224609375
54.0,56.8271484375,-2.8271484375
59.0,53.1083984375,5.8916015625
67.0,57.23388671875,9.76611328125
60.0,63.3349609375,-3.3349609375
55.0,59.238525390625,-4.238525390625
56.0,55.548828125,0.451171875
55.0,56.18798828125,-1.18798828125
64.0,55.49072265625,8.50927734375
52.0,62.6376953125,-10.6376953125
48.0,53.5732421875,-5.5732421875
49.0,50.7841796875,-1.7841796875
57.0,50.66796875,6.33203125
55.0,57.321044921875,-2.321044921875
52.0,55.83935546875,-3.83935546875
45.0,53.39892578125,-8.39892578125
44.0,46.77490234375,-2.77490234375
38.0,46.222900390625,-8.222900390625
30.999999999999996,40.26708984375,-9.267089843750004
35.0,32.71337890625,2.28662109375
36.0,37.12939453125,-1.12939453125
38.0,36.112548828125,1.887451171875
38.0,38.727294921875,-0.727294921875
38.0,38.494873046875,-0.494873046875
38.0,39.279296875,-1.279296875
35.0,39.3955078125,-4.3955078125
51.0,36.519287109375,14.480712890625
61.0,50.66796875,10.33203125
45.0,58.51220703125,-13.51220703125
46.0,47.2978515625,-1.2978515625
38.0,48.111328125,-10.111328125
39.0,41.31298828125,-2.31298828125
47.0,41.66162109375,5.33837890625
50.0,47.93701171875,2.06298828125
53.0,49.534912109375,3.465087890625
51.0,51.4814453125,-0.4814453125
46.0,49.73828125,-3.73828125
51.0,45.38037109375,5.61962890625
45.0,49.73828125,-4.73828125
47.0,45.293212890625,1.706787109375
46.0,46.571533203125,-0.571533203125
40.0,45.351318359375,-5.351318359375
37.0,38.98876953125,-1.98876953125
37.0,36.025390625,0.974609375
45.0,36.228759765625,8.771240234375
41.0,44.392578125,-3.392578125
36.0,40.005615234375,-4.005615234375
36.0,35.095703125,0.904296875
39.0,35.095703125,3.904296875
39.0,38.4658203125,0.5341796875
40.0,38.0009765625,1.9990234375
43.0,38.6982421875,4.3017578125
30.0,40.760986328125,-10.760986328125
30.0,29.6192626953125,0.3807373046875
37.0,30.999267578125,6.000732421875
43.0,37.5361328125,5.4638671875
46.0,42.82373046875,3.17626953125
39.0,45.14794921875,-6.14794921875
35.0,38.75634765625,-3.75634765625
43.0,35.50244140625,7.49755859375
42.0,42.82373046875,-0.82373046875
42.0,41.806884765625,0.193115234375
40.0,41.690673828125,-1.690673828125
32.0,39.831298828125,-7.831298828125
32.0,31.7255859375,0.2744140625
33.0,31.987060546875,1.012939453125
30.0,32.36474609375,-2.36474609375
25.0,30.069580078125,-5.069580078125
26.0,25.9150390625,0.0849609375
30.999999999999996,26.5977783203125,4.4022216796874964
37.0,30.999267578125,6.000732421875
29.0,37.913818359375,-8.913818359375
36.0,29.34326171875,6.65673828125
41.0,36.403076171875,4.596923828125
38.0,40.877197265625,-2.877197265625
41.0,38.378662109375,2.621337890625
41.0,40.296142578125,0.703857421875
49.0,40.819091796875,8.180908203125
65.0,48.024169921875,16.975830078125
53.0,63.04443359375,-10.04443359375
51.0,53.45703125,-2.45703125
56.0,52.294921875,3.705078125
41.0,55.694091796875,-14.694091796875
39.0,43.3466796875,-4.3466796875
37.0,42.852783203125,-5.852783203125
47.0,39.308349609375,7.691650390625
39.0,47.00732421875,-8.00732421875
49.0,39.3955078125,9.6044921875
44.0,47.791748046875,-3.791748046875
45.0,44.45068359375,0.54931640625
46.0,46.048583984375,-0.048583984375
47.0,46.687744140625,0.312255859375
54.0,47.47216796875,6.52783203125
52.0,53.45703125,-1.45703125
51.0,51.59765625,-0.59765625
53.0,51.07470703125,1.92529296875
57.0,52.81787109375,4.18212890625
55.0,56.042724609375,-1.042724609375
58.0,54.619140625,3.380859375
57.0,57.088623046875,-0.088623046875
79.0,56.3623046875,22.6376953125
82.0,73.3291015625,8.6708984375
79.0,78.55859375,0.44140625
86.0,77.861328125,8.138671875
87.0,85.00830078125,1.99169921875
89.0,86.5771484375,2.4228515625
88.0,88.78515625,-0.78515625
93.0,88.9013671875,4.0986328125
99.0,92.1552734375,6.8447265625
90.0,96.5712890625,-6.5712890625
92.0,88.26220703125,3.73779296875
96.0,86.92578125,9.07421875
98.0,88.61083984375,9.38916015625
100.0,91.05126953125,8.94873046875
91.0,92.79443359375,-1.79443359375
91.0,87.56494140625,3.43505859375
91.0,87.21630859375,3.78369140625
83.0,87.390625,-4.390625
76.0,82.044921875,-6.044921875
84.0,76.8154296875,7.1845703125
89.0,82.974609375,6.025390625
91.0,85.763671875,5.236328125
90.0,87.623046875,2.376953125
96.0,87.0419921875,8.9580078125
102.0,91.28369140625,10.71630859375
104.0,95.23486328125,8.76513671875
85.0,96.455078125,-11.455078125
84.0,86.3447265625,-2.3447265625
84.0,85.4150390625,-1.4150390625
93.0,84.0205078125,8.9794921875
96.0,89.947265625,6.052734375
95.0,92.21337890625,2.78662109375
98.0,91.57421875,6.42578125
100.0,93.8984375,6.1015625
108.0,95.29296875,12.70703125
96.0,99.4765625,-3.4765625
101.0,94.130859375,6.869140625
98.0,97.09423828125,0.90576171875
89.0,95.4091796875,-6.4091796875
94.0,89.77294921875,4.22705078125
90.0,92.21337890625,-2.21337890625
92.0,89.07568359375,2.92431640625
85.0,89.42431640625,-4.42431640625
90.0,84.833984375,5.166015625
93.0,88.6689453125,4.3310546875
82.0,90.70263671875,-8.70263671875
88.0,83.7880859375,4.2119140625
93.0,86.8095703125,6.1904296875
96.0,90.47021484375,5.52978515625
95.0,92.32958984375,2.67041015625
95.0,91.2255859375,3.7744140625
91.0,91.341796875,-0.341796875
90.0,89.017578125,0.982421875
90.0,88.6689453125,1.3310546875
94.0,88.4365234375,5.5634765625
92.0,91.2255859375,0.7744140625
99.0,90.47021484375,8.52978515625
94.0,94.7119140625,-0.7119140625
86.0,92.1552734375,-6.1552734375
86.0,87.0419921875,-1.0419921875
78.0,86.693359375,-8.693359375
83.0,79.255859375,3.744140625
83.0,82.8583984375,0.1416015625
82.0,82.1611328125,-0.1611328125
85.0,81.2314453125,3.7685546875
93.0,83.38134765625,9.61865234375
95.0,89.19189453125,5.80810546875
90.0,90.5283203125,-0.5283203125
82.0,88.4365234375,-6.4365234375
82.0,82.33544921875,-0.33544921875
90.0,81.9287109375,8.0712890625
84.0,86.92578125,-2.92578125
81.0,82.7421875,-1.7421875
83.0,80.3017578125,2.6982421875
83.0,81.115234375,1.884765625
80.0,81.17333984375,-1.17333984375
82.0,79.255859375,2.744140625
91.0,80.8828125,10.1171875
88.0,86.98388671875,1.01611328125
88.0,85.1826171875,2.8173828125
84.0,85.4150390625,-1.4150390625
80.0,83.38134765625,-3.38134765625
87.0,80.9990234375,6.0009765625
80.0,85.06640625,-5.06640625
71.0,80.35986328125,-9.35986328125
76.0,72.92236328125,3.07763671875
80.0,76.69921875,3.30078125
88.0,79.54638671875,8.45361328125
89.0,85.53125,3.46875
95.0,86.3447265625,8.6552734375
93.0,90.47021484375,2.52978515625
85.0,90.1796875,-5.1796875
89.0,85.4150390625,3.5849609375
85.0,87.85546875,-2.85546875
87.0,85.1826171875,1.8173828125
85.0,86.1123046875,-1.1123046875
80.0,84.7177734375,-4.7177734375
80.0,80.59228515625,-0.59228515625
91.0,80.12744140625,10.87255859375
90.0,87.56494140625,2.43505859375
87.0,87.2744140625,-0.2744140625
83.0,85.99609375,-2.99609375
80.0,82.8583984375,-2.8583984375
84.0,80.35986328125,3.64013671875
93.0,83.20703125,9.79296875
95.0,88.95947265625,6.04052734375
95.0,90.64453125,4.35546875
88.0,91.28369140625,-3.28369140625
89.0,87.158203125,1.841796875
98.0,87.623046875,10.376953125
96.0,92.8525390625,3.1474609375
104.0,92.3876953125,11.6123046875
105.0,98.546875,6.453125
105.0,100.9873046875,4.0126953125
96.0,101.27783203125,-5.27783203125
91.0,95.23486328125,-4.23486328125
94.0,90.9931640625,3.0068359375
99.0,92.3876953125,6.6123046875
93.0,95.29296875,-2.29296875
92.0,91.4580078125,0.5419921875
90.0,90.58642578125,-0.58642578125
88.0,89.017578125,-1.017578125
84.0,87.7392578125,-3.7392578125
84.0,85.4150390625,-1.4150390625
84.0,85.4150390625,-1.4150390625
86.0,85.00830078125,0.99169921875
86.0,85.53125,0.46875
83.0,85.6474609375,-2.6474609375
84.0,84.0205078125,-0.0205078125
79.0,84.7177734375,-5.7177734375
75.0,80.7666015625,-5.7666015625
89.0,77.57080078125,11.42919921875
86.0,86.92578125,-0.92578125
96.0,85.12451171875,10.87548828125
100.0,91.4580078125,8.5419921875
100.0,95.4091796875,4.5908203125
98.0,96.62939453125,1.37060546875
104.0,96.16455078125,7.83544921875
101.0,100.92919921875,0.07080078125
103.0,99.65087890625,3.34912109375
105.0,101.39404296875,3.60595703125
100.0,102.73046875,-2.73046875
97.0,98.4306640625,-1.4306640625
102.0,95.525390625,6.474609375
97.0,97.44287109375,-0.44287109375
94.0,94.30517578125,-0.30517578125
107.0,92.271484375,14.728515625
109.0,98.8955078125,10.1044921875
104.0,99.1279296875,4.8720703125
98.0,98.25634765625,-0.25634765625
92.0,95.7578125,-3.7578125
89.0,91.74853515625,-2.74853515625
85.0,89.8310546875,-4.8310546875
89.0,86.228515625,2.771484375
85.0,87.9716796875,-2.9716796875
90.0,85.53125,4.46875
94.0,88.78515625,5.21484375
93.0,91.2255859375,1.7744140625
99.0,91.2255859375,7.7744140625
92.0,94.88623046875,-2.88623046875
99.0,91.2255859375,7.7744140625
103.0,94.4794921875,8.5205078125
104.0,96.97802734375,7.02197265625
105.0,98.1982421875,6.8017578125
103.0,98.95361328125,4.04638671875
110.0,98.6630859375,11.3369140625
106.0,100.173828125,5.826171875
106.0,99.41845703125,6.58154296875
108.0,99.18603515625,8.81396484375
103.0,99.30224609375,3.69775390625
98.0,98.37255859375,-0.37255859375
103.0,95.8740234375,7.1259765625
110.0,97.55908203125,12.44091796875
103.0,98.6630859375,4.3369140625
113.0,97.67529296875,15.32470703125
109.0,99.18603515625,9.81396484375
113.0,98.6630859375,14.3369140625
110.0,99.53466796875,10.46533203125
111.0,99.244140625,11.755859375
112.0,99.708984375,12.291015625
113.0,100.2900390625,12.7099609375
105.0,100.69677734375,4.30322265625
97.0,99.5927734375,-2.5927734375
96.0,96.74560546875,-0.74560546875
104.0,95.6416015625,8.3583984375
99.0,98.02392578125,0.97607421875
100.0,96.74560546875,3.25439453125
96.0,97.09423828125,-1.09423828125
100.0,94.77001953125,5.22998046875
99.0,96.86181640625,2.13818359375
101.0,96.5712890625,4.4287109375
95.0,97.384765625,-2.384765625
93.0,94.36328125,-1.36328125
96.0,92.271484375,3.728515625
95.0,93.37548828125,1.62451171875
93.0,93.0849609375,-0.0849609375
86.0,92.0390625,-6.0390625
91.0,86.92578125,4.07421875
99.0,89.947265625,9.052734375
101.0,94.595703125,6.404296875
104.0,96.04833984375,7.95166015625
106.0,97.15234375,8.84765625
101.0,97.79150390625,3.20849609375
101.0,97.15234375,3.84765625
90.0,97.5009765625,-7.5009765625
90.0,90.70263671875,-0.70263671875
92.0,90.1796875,1.8203125
92.0,90.70263671875,1.29736328125
97.0,90.58642578125,6.41357421875
94.0,93.14306640625,0.85693359375
95.0,91.6904296875,3.3095703125
90.0,92.6201171875,-2.6201171875
102.0,90.0634765625,11.9365234375
91.0,96.62939453125,-5.62939453125
104.0,90.64453125,13.35546875
102.0,97.15234375,4.84765625
107.0,96.3388671875,10.6611328125
114.0,98.37255859375,15.62744140625
106.0,100.87109375,5.12890625
95.0,99.1279296875,-4.1279296875
95.0,94.595703125,0.404296875
93.0,93.5498046875,-0.5498046875
94.0,91.6904296875,2.3095703125
103.0,91.4580078125,11.5419921875
104.0,96.22265625,7.77734375
108.0,96.86181640625,11.13818359375
111.0,98.02392578125,12.97607421875
114.0,98.6630859375,15.3369140625
101.0,99.4765625,1.5234375
105.0,97.90771484375,7.09228515625
96.0,98.37255859375,-2.37255859375
102.0,94.828125,7.171875
102.0,97.9658203125,4.0341796875
102.0,98.02392578125,3.97607421875
90.0,97.55908203125,-7.55908203125
95.0,89.8310546875,5.1689453125
98.0,92.91064453125,5.08935546875
97.0,94.9443359375,2.0556640625
103.0,94.9443359375,8.0556640625
101.0,97.67529296875,3.32470703125
103.0,96.39697265625,6.60302734375
103.0,97.79150390625,5.20849609375
100.0,97.7333984375,2.2666015625
105.0,97.09423828125,7.90576171875
95.0,98.14013671875,-3.14013671875
96.0,94.0146484375,1.9853515625
91.0,94.0146484375,-3.0146484375
97.0,90.93505859375,6.06494140625
94.0,94.0146484375,-0.0146484375
92.0,92.1552734375,-0.1552734375
95.0,91.109375,3.890625
98.0,92.3876953125,5.6123046875
95.0,94.4794921875,0.5205078125
93.0,93.201171875,-0.201171875
89.0,92.0390625,-3.0390625
92.0,89.3662109375,2.6337890625
94.0,90.23779296875,3.76220703125
94.0,91.6904296875,2.3095703125
92.0,91.57421875,0.42578125
91.0,90.58642578125,0.41357421875
97.0,89.71484375,7.28515625
91.0,93.3173828125,-2.3173828125
94.0,90.1796875,3.8203125
93.0,92.0390625,0.9609375
92.0,91.109375,0.890625
95.0,90.5283203125,4.4716796875
90.0,92.1552734375,-2.1552734375
88.0,89.1337890625,-1.1337890625
84.0,87.7392578125,-3.7392578125
85.0,84.833984375,0.166015625
87.0,85.1826171875,1.8173828125
89.0,86.228515625,2.771484375
86.0,87.79736328125,-1.79736328125
85.0,85.82177734375,-0.82177734375
86.0,85.298828125,0.701171875
89.0,85.8798828125,3.1201171875
82.0,87.85546875,-5.85546875
82.0,83.20703125,-1.20703125
78.0,82.6259765625,-4.6259765625
81.0,79.255859375,1.744140625
83.0,81.17333984375,1.82666015625
87.0,82.509765625,4.490234375
88.0,85.12451171875,2.87548828125
88.0,85.99609375,2.00390625
87.0,86.17041015625,0.82958984375
92.0,85.99609375,6.00390625
91.0,89.3662109375,1.6337890625
94.0,89.1337890625,4.8662109375
95.0,91.341796875,3.658203125
94.0,92.56201171875,1.43798828125
92.0,92.3876953125,-0.3876953125
87.0,90.9931640625,-3.9931640625
89.0,87.158203125,1.841796875
85.0,87.85546875,-2.85546875
83.0,84.9501953125,-1.9501953125
78.0,83.3232421875,-5.3232421875
75.0,79.1396484375,-4.1396484375
72.0,76.8154296875,-4.8154296875
71.0,74.20068359375,-3.20068359375
74.0,73.5615234375,0.4384765625
